399,1989;0,07076573
401,1274;0,08358674
403,0559;0,09419481
404,9844;0,1083432
406,9129;0,1256829
408,8414;0,1498373
410,7699;0,1616491
412,6984;0,1637722
414,6269;0,1720385
416,5554;0,1947171
418,4839;0,1951265
420,4124;0,2112083
422,3409;0,2279765
424,2694;0,2283107
426,1979;0,2452645
428,1264;0,2775022
430,0549;0,2798523
431,9834;0,2887478
433,9119;0,2915044
435,8404;0,2537832
437,7689;0,2220924
439,6974;0,2024699
441,6259;0,1688878
443,5544;0,1496113
445,4829;0,1535159
447,4114;0,1374199
449,3399;0,1358391
451,2684;0,1453837
453,1969;0,1498859
455,1254;0,1564148
457,0539;0,1802823
458,9824;0,2021712
460,9109;0,2405217
462,8394;0,2912005
464,7679;0,3601279
466,6964;0,4352552
468,6249;0,5031585
470,5533;0,5515371
472,4819;0,5638961
474,4103;0,536927
476,3389;0,4915642
478,2673;0,4282116
480,1959;0,348035
482,1243;0,2899396
484,0529;0,2384088
485,9813;0,1885186
487,9099;0,1642453
489,8383;0,1512791
491,7668;0,1254299
493,6953;0,1248644
495,6238;0,1254309
497,5523;0,115889
499,4808;0,1210706
501,4093;0,1311964
503,3378;0,1272068
505,2663;0,1381991
507,1948;0,1460111
509,1233;0,1416864
511,0518;0,1471127
512,9803;0,1569937
514,9088;0,1635174
516,8373;0,176792
518,7658;0,1994321
520,6943;0,2231453
522,6228;0,2547067
524,5513;0,2908076
526,4798;0,338051
528,4083;0,3896647
530,3368;0,4513927
532,2653;0,5185742
534,1938;0,5799402
536,1223;0,632351
538,0508;0,6863297
539,9792;0,7113847
541,9078;0,7152832
543,8363;0,7117732
545,7648;0,6868129
547,6932;0,6466955
549,6218;0,616477
551,5503;0,57519
553,4788;0,5288962
555,4072;0,4999293
557,3358;0,4674698
559,2643;0,4326572
561,1927;0,4073403
563,1212;0,3801828
565,0497;0,3461034
566,9783;0,3244194
568,9067;0,3009355
570,8352;0,2771574
572,7637;0,2594148
574,6923;0,2452625
576,6207;0,2283469
578,5492;0,2162999
580,4777;0,2060516
582,4063;0,1992786
584,3347;0,1893396
586,2632;0,1827566
588,1917;0,1787059
590,1202;0,1687713
592,0487;0,1625465
593,9772;0,1614138
595,9057;0,1529636
597,8342;0,1474182
599,7627;0,1500828
601,6912;0,1423803
603,6197;0,1387607
605,5482;0,1399762
607,4767;0,1315154
609,4052;0,1231289
611,3337;0,1244955
613,2622;0,1134021
615,1907;0,1062828
617,1192;0,107051
619,0477;0,1016883
620,9762;0,09494857
622,9047;0,09764314
624,8332;0,09423298
626,7617;0,09182794
628,6902;0,09351272
630,6187;0,0928093
632,5472;0,0926455
634,4756;0,0941507
636,4042;0,09634168
638,3326;0,09737928
640,2612;0,09886218
642,1896;0,1006591
644,1182;0,1028085
646,0466;0,09985541
647,9752;0,1024287
649,9036;0,1038084
651,8322;0,1004385
653,7606;0,1007698
655,6891;0,1044997
657,6177;0,09924386
659,5461;0,1012816
661,4746;0,1056265
663,4031;0,102448
665,3317;0,1043147
667,2601;0,108757
669,1886;0,1070054
671,1171;0,1123547
673,0457;0,1199754
674,9741;0,1192839
676,9026;0,1235512
678,8311;0,1307443
680,7596;0,1346747
682,6881;0,1404667
684,6166;0,1501556
686,5451;0,1551772
688,4736;0,1637423
690,4021;0,1721492
692,3306;0,1794674
694,2591;0,1842024
696,1876;0,1893862
698,1161;0,1906125
700,0446;0,1877982
701,9731;0,1794532
703,9016;0,1701299
705,8301;0,1544701
707,7585;0,1361027
709,6871;0,1229168
711,6156;0,1078583
713,5441;0,09226249
715,4725;0,08512614
717,4011;0,07792815
719,3296;0,06714819
721,2581;0,06619403
723,1865;0,06359821
725,1151;0,058382
727,0436;0,05942194
728,972;0,06049849
730,9005;0,05589074
732,829;0,05931303
734,7576;0,06113581
736,686;0,06016525
738,6145;0,06421381
740,543;0,06925198
742,4716;0,07001306
744,4;0,07538631
746,3285;0,08140706
748,257;0,08582687
750,1855;0,09087752
752,114;0,09385004
754,0425;0,09553085
755,971;0,09518427
757,8995;0,09464505
759,828;0,09232884
761,7565;0,08745197
763,685;0,0811867
765,6135;0,0796304
767,542;0,07389418
769,4705;0,06998686
771,399;0,07013442
773,3275;0,06733011
775,256;0,06353162
777,1844;0,06745793
779,113;0,06667152
781,0415;0,06633254
782,97;0,07284456
784,8984;0,0760296
786,827;0,07760166
788,7555;0,08343209
790,684;0,08283576
792,6124;0,07997025
794,541;0,08278516
796,4695;0,08118446
798,3979;0,07867482
800,3264;0,07677696
802,2549;0,07048847
804,1835;0,0607427
806,1119;0,05558157
808,0404;0,04990042
809,9689;0,04600224
811,8975;0,04204038
813,8259;0,04051851
815,7545;0,03844498
817,683;0,03590194
819,6115;0,035277
821,5399;0,0361861
823,4684;0,03298898
825,397;0,0329794
827,3254;0,03491587
829,2539;0,03186414
831,1824;0,03189733
833,111;0,03398613
835,0394;0,03115163
836,9679;0,03100677
838,8964;0,0350347
840,825;0,03200593
842,7534;0,03290588
844,6819;0,03539874
846,6104;0,03298809
848,5389;0,03287778
850,4674;0,03701057
852,3959;0,0348666
854,3244;0,03535876
856,2529;0,03812316
858,1814;0,03819845
860,1099;0,03819179
862,0384;0,04115374
863,9669;0,04192052
865,8954;0,04290004
867,8239;0,04509057
869,7524;0,04656668
871,6809;0,04828208
873,6094;0,04976441
875,5378;0,053843
877,4664;0,05643072
879,3949;0,05845978
881,3234;0,06340043
883,2518;0,06845751
885,1804;0,06951056
887,1089;0,07722702
889,0374;0,08360747
890,9658;0,08798135
892,8943;0,09869666
894,8229;0,1117169
896,7513;0,1214091
898,6798;0,1396017
900,6083;0,1608995
902,5369;0,1829683
904,4653;0,2171913
906,3938;0,2606306
908,3223;0,3097046
910,2509;0,3659212
912,1793;0,4092256
914,1078;0,4200627
916,0364;0,4087186
917,9648;0,3849544
919,8933;0,3576725
921,8218;0,3322964
923,7504;0,3098582
925,6788;0,287388
927,6073;0,2695487
929,5358;0,2569826
931,4644;0,2541535
933,3928;0,2545739
935,3213;0,2581204
937,2498;0,2623237
939,1783;0,2604914
941,1068;0,2497657
943,0353;0,2341306
944,9637;0,210787
946,8923;0,1854948
948,8208;0,1669762
950,7493;0,1489697
952,6777;0,1338353
954,6063;0,1263366
956,5348;0,1189344
958,4633;0,1099456
960,3917;0,1084453
962,3203;0,1046284
964,2488;0,100456
966,1772;0,1003779
968,1057;0,1001287
970,0343;0,09788118
971,9628;0,1007324
973,8912;0,1024869
975,8197;0,104239
977,7483;0,1092523
979,6768;0,1156544
981,6052;0,1220943
983,5337;0,1320927
985,4623;0,1461278
987,3907;0,1626853
989,3192;0,1819697
991,2477;0,2069409
993,1763;0,2399846
995,1047;0,2793626
997,0332;0,3340545
998,9617;0,4043742
1000,89;0,4855952
1002,819;0,5804666
1004,747;0,692275
1006,676;0,8036202
1008,604;0,8939961
1010,533;0,9334908
1012,461;0,9100804
1014,39;0,8464465
1016,318;0,7749149
1018,247;0,7056296
1020,175;0,6615223
1022,104;0,652085
1024,032;0,6755581
1025,961;0,7428458
1027,889;0,852569
1029,818;0,975538
1031,746;1,071394
1033,675;1,112553
1035,603;1,08843
1037,532;1,008213
1039,46;0,9081806
1041,389;0,8148372
1043,317;0,7276212
1045,246;0,6505756
1047,174;0,5833611
1049,103;0,5242555
1051,031;0,4706466
1052,96;0,4286309
1054,888;0,3922931
1056,817;0,358914
1058,745;0,3348956
1060,674;0,3159881
1062,602;0,2966425
1064,531;0,2857093
1066,459;0,2783712
1068,388;0,2698661
1070,316;0,2701728
1072,245;0,2723607
1074,173;0,2726343
1076,102;0,279645
1078,03;0,291513
1079,959;0,2998607
1081,887;0,3135475
1083,816;0,3289686
1085,744;0,3440813
1087,673;0,3618462
1089,601;0,3827166
1091,53;0,4005202
1093,458;0,4192036
1095,387;0,4371015
1097,315;0,4533931
1099,244;0,4660393
1101,172;0,4725701
1103,101;0,4728059
1105,029;0,466595
1106,958;0,4559806
1108,886;0,4468302
1110,815;0,4431037
1112,743;0,446863
1114,672;0,4490668
1116,6;0,4247238
1118,529;0,379021
1120,457;0,3283578
1122,386;0,2791893
1124,314;0,2347257
1126,243;0,2058496
1128,171;0,1807238
1130,1;0,158325
1132,028;0,1450845
1133,957;0,13354
1135,885;0,1196146
1137,814;0,1127897
1139,742;0,1056572
1141,671;0,09718665
1143,599;0,09375024
1145,528;0,08983107
1147,456;0,08466651
1149,385;0,08200254
1151,313;0,07927365
1153,242;0,0747705
1155,17;0,07301791
1157,099;0,07092749
1159,027;0,06923784
1160,956;0,06590046
1162,884;0,06442307
1164,813;0,06275018
1166,741;0,06029832
1168,67;0,05782196
1170,598;0,05866105
1172,526;0,0559761
1174,455;0,05373282
1176,384;0,05415266
1178,312;0,05181894
1180,24;0,04975427
1182,169;0,05105574
1184,098;0,04868015
1186,026;0,04646485
1187,954;0,0483657
1189,883;0,04571957
1191,812;0,04316273
1193,74;0,0442966
1195,668;0,04342886
1197,597;0,04082526
1199,526;0,04227822
1201,454;0,03993746
1203,382;0,038068
1205,311;0,03858615
1207,24;0,03832358
1209,168;0,03651304
1211,096;0,03616615
1213,025;0,03455439
1214,953;0,03325912
1216,882;0,03258664
1218,81;0,03248318
1220,739;0,03215326
1222,667;0,03064063
1224,596;0,03056107
1226,524;0,03064824
1228,453;0,02848574
1230,381;0,02755016
1232,31;0,02870016
1234,238;0,02605429
1236,167;0,02635838
1238,095;0,02679422
1240,024;0,02449849
1241,952;0,02419336
1243,881;0,02637697
1245,809;0,02305952
1247,738;0,02295265
1249,666;0,02433439
1251,595;0,02162171
1253,523;0,02135381
1255,452;0,02344641
1257,38;0,02106329
1259,309;0,02092489
1261,237;0,02248721
1263,166;0,02102789
1265,094;0,02027733
1267,023;0,02040803
1268,951;0,01995361
1270,88;0,01911938
1272,808;0,01934332
1274,737;0,0187479
1276,665;0,01858298
1278,594;0,01730934
1280,522;0,01843897
1282,451;0,01789509
1284,379;0,01690589
1286,308;0,0180487
1288,236;0,01835286
1290,165;0,01593289
1292,093;0,01733696
1294,022;0,01732731
1295,95;0,01492304
1297,879;0,01588794
1299,807;0,01645398
1301,736;0,01416968
1303,664;0,01550764
1305,593;0,01627235
1307,521;0,0136584
1309,45;0,01519452
1311,378;0,01543646
1313,307;0,01321843
1315,235;0,01368032
1317,164;0,01475542
1319,092;0,01200676
1321,021;0,01293078
1322,949;0,0130936
1324,878;0,01216228
1326,806;0,01225157
1328,735;0,0129117
1330,663;0,01210201
1332,592;0,01166099
1334,52;0,01130169
1336,449;0,0117082
1338,377;0,01099654
1340,306;0,01038061
1342,234;0,01181983
1344,163;0,01088522
1346,091;0,01015636
1348,02;0,01165918
1349,948;0,01048858
1351,877;0,008406731
1353,805;0,01139273
1355,734;0,01017559
1357,662;0,008743767
1359,591;0,01063476
1361,519;0,009639517
1363,448;0,007007656
1365,376;0,01009673
1367,305;0,009645446
1369,233;0,008130147
1371,162;0,009675734
1373,09;0,009296878
1375,019;0,008047274
1376,947;0,01056581
1378,876;0,01143399
1380,804;0,01297119
1382,733;0,01888129
1384,661;0,0192127
1386,59;0,01375248
1388,518;0,01022739
1390,447;0,00920813
1392,375;0,00769115
1394,304;0,006753533
1396,232;0,006512205
1398,161;0,006971762
1400,089;0,004702703
1402,018;0,00539046
1403,946;0,00605656
1405,875;0,0043468
1407,803;0,004298743
1409,732;0,006616047
1411,66;0,004411095
1413,589;0,004213419
1415,517;0,00682145
1417,446;0,004193546
1419,374;0,002800586
1421,303;0,005723281
1423,231;0,004756499
1425,16;0,004066702
1427,088;0,006820273
1429,017;0,004805645
1430,945;0,004245573
1432,874;0,006262237
1434,802;0,005138119
1436,731;0,002656712
1438,659;0,005069123
1440,588;0,005038417
1442,516;0,005025545
1444,445;0,004852886
1446,373;0,005008149
1448,302;0,004087773
1450,23;0,004476974
1452,159;0,006024541
1454,087;0,005212357
1456,016;0,001283752
1457,944;0,002546046
1459,873;0,005144054
1461,801;0,003693473
1463,73;0,004575375
1465,658;0,005148513
1467,587;0,004092489
1469,515;0,004551367
1471,444;0,004289976
1473,372;0,001042188
1475,301;0,003503238
1477,229;0,004668439
1479,158;0,002571343
1481,086;0,002744631
1483,015;0,005340241
1484,943;0,002886167
1486,872;0,002829567
1488,8;0,003185731
1490,729;0,002041873
1492,657;0,002785247
1494,586;0,002976068
1496,514;0,001384025
1498,443;0,002208389
1500,371;0,003418071
1502,3;0,002809557
1504,228;0,001167123
1506,157;-0,001271148
1508,085;0,000546758
1510,014;0,001328385
1511,942;0,001840048
1513,871;0,002329829
1515,799;0,001924941
1517,728;0,000632194
1519,656;0,002070404
1521,585;5,49729E-05
1523,513;-0,00032052
1525,442;0,002061914
1527,37;0,002594876
1529,299;0,0008976
1531,227;0,003293856
1533,156;0,002285093
1535,084;0,000429397
1537,013;0,002010149
1538,941;-0,000419109
1540,87;-0,002262189
1542,798;0,001081449
1544,727;0,002120811
1546,655;-0,000357402
1548,584;0,002147782
1550,512;0,002526416
1552,441;0,000742837
1554,369;0,000518758
1556,298;0,000345261
1558,226;-0,00378611
1560,155;-0,002573106
1562,083;0,000481008
1564,012;0,001942913
1565,94;0,000870375
1567,869;-5,66886E-05
1569,797;-0,000175178
1571,726;-0,000523269
1573,654;-0,001205762
1575,583;-0,001314722
1577,511;-0,002452437
1579,44;-0,002334436
1581,368;0,000179856
1583,297;-0,001981923
1585,225;-0,002327976
1587,154;-0,000288435
1589,082;-0,001839709
1591,01;-0,004072633
1592,939;-0,001607963
1594,868;-0,003921974
1596,796;-0,004718702
1598,724;-0,002887126
1600,653;-0,004204798
1602,582;-0,005628168
1604,51;-0,002320726
1606,438;-0,003358732
1608,367;-0,004612069
1610,296;-0,003115163
1612,224;-0,003130263
1614,152;-0,004404922
1616,081;-0,005329708
1618,01;-0,004303232
1619,938;-0,003642416
1621,866;-0,003680364
1623,795;-0,004000774
1625,724;-0,002849272
1627,652;-0,003435694
1629,58;-0,001714347
1631,509;-0,001438548
1633,438;-0,003322563
1635,366;-0,005032124
1637,294;-0,002623631
1639,223;-0,003447068
1641,151;-0,001718307
1643,08;-0,00033032
1645,008;-0,003710195
1646,937;-0,004077885
1648,865;-0,000768129
1650,794;-0,005020431
1652,722;-0,007501462
1654,651;-0,003927425
1656,579;-0,004270259
1658,508;-0,002870865
1660,436;-0,000801634
1662,365;-0,002197777
1664,293;-0,002385153
1666,222;-0,00105751
1668,15;-0,003941873
1670,079;-0,003250744
1672,007;-0,002029878
1673,936;-0,00334364
1675,864;-0,004893756
1677,793;-0,002590366
1679,721;-0,003006029
1681,65;-0,003856001
1683,578;-0,006421252
1685,507;-0,004675796
1687,435;-0,003030741
1689,364;-0,003984424
1691,292;-0,002366468
1693,221;-0,002671054
1695,149;-0,006948812
1697,078;-0,00486073
1699,006;-0,004556496
1700,935;-0,008194936
1702,863;-0,003768767
1704,792;-0,003839843
1706,72;-0,005489073
1708,649;-0,003310134
1710,577;-0,002487953
1712,506;-0,006127878
1714,434;-0,004900014
1716,363;-0,006375902
1718,291;-0,008111462
1720,22;-0,005379356
1722,148;-0,003734406
1724,077;-0,005592384
1726,005;-0,005093105
1727,934;-0,005095986
1729,862;-0,006749433
1731,791;-0,008043716
1733,719;-0,008787826
1735,648;-0,006807499
1737,576;-0,006376979
1739,505;-0,007544252
1741,433;-0,007599216
1743,362;-0,007748898
1745,29;-0,007603025
1747,219;-0,005820935
1749,147;-0,008498386
1751,076;-0,009430814
1753,004;-0,007082844
1754,933;-0,007758109
1756,861;-0,009846787
1758,79;-0,006816762
1760,718;-0,009529885
1762,647;-0,01107252
1764,575;-0,00735088
1766,504;-0,008084274
1768,432;-0,01119686
1770,361;-0,009494389
1772,289;-0,01118107
1774,218;-0,01252717
1776,146;-0,009220731
1778,075;-0,00944803
1780,003;-0,01057902
1781,932;-0,009535071
1783,86;-0,00951841
1785,789;-0,01135835
1787,717;-0,009990451
1789,646;-0,01116282
1791,574;-0,01183642
1793,503;-0,01186164
1795,431;-0,01031708
1797,36;-0,01088201
1799,288;-0,0119176
1801,217;-0,01180257
1803,145;-0,009839758
1805,074;-0,01090117
1807,002;-0,01131477
1808,931;-0,0100578
1810,859;-0,0113293
1812,788;-0,01114186
1814,716;-0,009158025
1816,645;-0,01073583
1818,573;-0,01126947
1820,502;-0,009596687
1822,43;-0,01260683
1824,359;-0,01223328
1826,287;-0,009932259
1828,216;-0,01183529
1830,144;-0,01282921
1832,073;-0,01012533
1834,001;-0,01302139
1835,93;-0,01306257
1837,858;-0,01137681
1839,787;-0,01203567
1841,715;-0,01325069
1843,644;-0,01308855
1845,572;-0,01404593
1847,501;-0,01428425
1849,429;-0,01351523
1851,358;-0,01354851
1853,286;-0,0136574
1855,215;-0,01432323
1857,143;-0,0135874
1859,072;-0,01398668
1861;-0,01467376
1862,929;-0,0144736
1864,857;-0,0138468
1866,786;-0,0162809
1868,714;-0,01490606
1870,643;-0,01523871
1872,571;-0,01710737
1874,5;-0,01502758
1876,428;-0,0133835
1878,357;-0,01723882
1880,285;-0,01623028
1882,214;-0,01513632
1884,142;-0,01689052
1886,071;-0,01571522
1887,999;-0,01492892
1889,928;-0,01760204
1891,856;-0,01645888
1893,785;-0,01469461
1895,713;-0,01655362
1897,642;-0,01542876
1899,57;-0,01543906
1901,499;-0,01699992
1903,427;-0,01770251
1905,356;-0,01675502
1907,284;-0,01799959
1909,213;-0,0180508
1911,141;-0,01779062
1913,07;-0,01674912
1914,998;-0,01753681
1916,927;-0,01812231
1918,855;-0,01744538
1920,784;-0,01674205
1922,712;-0,01786993
1924,641;-0,01613604
1926,569;-0,01707922
1928,498;-0,01914892
1930,426;-0,01657036
1932,355;-0,01672129
1934,283;-0,01862677
1936,212;-0,01726006
1938,14;-0,01684093
1940,069;-0,01930969
1941,997;-0,01725092
1943,926;-0,01774342
1945,854;-0,01985036
1947,783;-0,01917884
1949,711;-0,01874354
1951,64;-0,0205616
1953,568;-0,01815517
1955,497;-0,01852258
1957,425;-0,01970416
1959,354;-0,01897435
1961,282;-0,01870669
1963,211;-0,0195058
1965,139;-0,01960513
1967,068;-0,0198747
1968,996;-0,02083661
1970,925;-0,02146091
1972,853;-0,02108888
1974,782;-0,02011073
1976,71;-0,02148945
1978,639;-0,02110895
1980,567;-0,01964117
1982,496;-0,02139449
1984,424;-0,02327011
1986,353;-0,0210878
1988,281;-0,02322784
1990,21;-0,02399149
1992,138;-0,02194517
1994,067;-0,02265004
1995,995;-0,02393643
1997,924;-0,02151881
1999,852;-0,02330886
2001,781;-0,02461923
2003,709;-0,02194952
2005,638;-0,02261815
2007,566;-0,02366146
2009,495;-0,02210463
2011,423;-0,02226319
2013,352;-0,0235817
2015,28;-0,02276356
2017,208;-0,02363307
2019,137;-0,02444456
2021,066;-0,02438025
2022,994;-0,02421664
2024,922;-0,02504293
2026,851;-0,02431606
2028,78;-0,02459193
2030,708;-0,02366755
2032,636;-0,02465927
2034,565;-0,02401798
2036,494;-0,02352583
2038,422;-0,02547938
2040,35;-0,02527879
2042,279;-0,02319316
2044,208;-0,02487891
2046,136;-0,02461857
2048,064;-0,02368528
2049,993;-0,02630617
2051,921;-0,02538769
2053,85;-0,0240277
2055,778;-0,026069
2057,707;-0,0257709
2059,635;-0,02321505
2061,564;-0,02666492
2063,492;-0,02662968
2065,421;-0,02478541
2067,349;-0,02601576
2069,278;-0,02594744
2071,206;-0,024104
2073,135;-0,02635039
2075,063;-0,02610117
2076,992;-0,02606369
2078,92;-0,02678926
2080,849;-0,02663572
2082,777;-0,02521039
2084,706;-0,02524428
2086,634;-0,02688421
2088,563;-0,02775393
2090,491;-0,02696293
2092,42;-0,0262539
2094,348;-0,02734827
2096,277;-0,02597803
2098,205;-0,02696328
2100,134;-0,02792942
2102,062;-0,02580724
2103,991;-0,02477436
2105,919;-0,02742732
2107,848;-0,02571625
2109,776;-0,02635311
2111,705;-0,02811304
2113,633;-0,02740825
2115,562;-0,02689025
2117,49;-0,02821092
2119,419;-0,0256581
2121,347;-0,02608145
2123,276;-0,02872884
2125,204;-0,02684032
2127,133;-0,02611605
2129,061;-0,02790966
2130,99;-0,02785771
2132,918;-0,02676512
2134,847;-0,02711929
2136,775;-0,02607711
2138,704;-0,02612847
2140,632;-0,02610323
2142,561;-0,02713694
2144,489;-0,027311
2146,418;-0,02792365
2148,346;-0,02838111
2150,275;-0,02896869
2152,203;-0,02730151
2154,132;-0,02867152
2156,06;-0,02900976
2157,989;-0,02766808
2159,917;-0,02845373
2161,846;-0,02902051
2163,774;-0,02666579
2165,703;-0,02783617
2167,631;-0,02918161
2169,56;-0,02663628
2171,488;-0,02913
2173,417;-0,02934036
2175,345;-0,02627542
2177,274;-0,0277185
2179,202;-0,02961884
2181,131;-0,02617136
2183,059;-0,02795857
2184,988;-0,02972536
2186,916;-0,02935904
2188,845;-0,02893156
2190,773;-0,03035655
2192,702;-0,02915636
2194,63;-0,02900855
2196,559;-0,02911546
2198,487;-0,0291048
2200,416;-0,02828736
2202,344;-0,02851098
2204,273;-0,02976515
2206,201;-0,02902067
2208,13;-0,02864845
2210,058;-0,02982653
2211,987;-0,02946348
2213,915;-0,02801595
2215,844;-0,03073305
2217,772;-0,03005501
2219,701;-0,0284078
2221,629;-0,02950001
2223,558;-0,02931636
2225,486;-0,02751693
2227,415;-0,03130227
2229,343;-0,02969757
2231,272;-0,02728312
2233,2;-0,03015944
2235,129;-0,03108193
2237,057;-0,02908776
2238,986;-0,03156532
2240,914;-0,0309589
2242,843;-0,02829993
2244,771;-0,02973043
2246,7;-0,03067878
2248,628;-0,0290727
2250,557;-0,02988381
2252,485;-0,03217379
2254,414;-0,03146949
2256,342;-0,03144113
2258,271;-0,03054384
2260,199;-0,03074
2262,128;-0,02976858
2264,056;-0,03061045
2265,985;-0,0311414
2267,913;-0,03103745
2269,842;-0,03053383
2271,77;-0,03268946
2273,699;-0,03060582
2275,627;-0,02972353
2277,556;-0,03145423
2279,484;-0,03081248
2281,413;-0,03126561
2283,341;-0,03392971
2285,27;-0,03178892
2287,198;-0,03053778
2289,127;-0,03351082
2291,055;-0,03097627
2292,984;-0,03074037
2294,912;-0,03365505
2296,841;-0,03300063
2298,769;-0,03048061
2300,698;-0,03284555
2302,626;-0,03268728
2304,555;-0,03254371
2306,483;-0,03299255
2308,412;-0,03314558
2310,34;-0,03249492
2312,269;-0,0331944
2314,197;-0,03291848
2316,125;-0,03382143
2318,054;-0,03510603
2319,983;-0,03594949
2321,911;-0,03572736
2323,84;-0,03445004
2325,768;-0,03577731
2327,697;-0,03717208
2329,625;-0,03597939
2331,553;-0,03792584
2333,482;-0,04082114
2335,411;-0,03801844
2337,339;-0,03913489
2339,268;-0,03928214
2341,196;-0,03683805
2343,125;-0,03742941
2345,053;-0,03996558
2346,981;-0,03541807
2348,91;-0,03483475
2350,839;-0,03723507
2352,767;-0,03738686
2354,696;-0,03816282
2356,624;-0,04129987
2358,552;-0,03921121
2360,481;-0,03908408
2362,409;-0,04238629
2364,338;-0,04098039
2366,267;-0,03967418
2368,195;-0,04019553
2370,124;-0,04034894
2372,052;-0,03962177
2373,98;-0,03928756
2375,909;-0,03821635
2377,838;-0,03851767
2379,766;-0,03703552
2381,695;-0,03902602
2383,623;-0,03800249
2385,552;-0,03755664
2387,48;-0,04019611
2389,408;-0,04061481
2391,337;-0,03775337
2393,266;-0,04032464
2395,194;-0,03983537
2397,123;-0,03729826
2399,051;-0,04048537
2400,979;-0,04150768
2402,908;-0,03952824
2404,836;-0,04122463
2406,765;-0,04125443
2408,694;-0,03799211
2410,622;-0,04145657
2412,551;-0,04285391
2414,479;-0,04048063
2416,407;-0,04083984
2418,336;-0,04224703
2420,264;-0,04006505
2422,193;-0,04163305
2424,122;-0,04131668
2426,05;-0,04065673
2427,979;-0,04042026
2429,907;-0,04216186
2431,835;-0,04276822
2433,764;-0,04300663
2435,692;-0,04327906
2437,621;-0,04467259
2439,55;-0,04280317
2441,478;-0,04081294
2443,406;-0,0432224
2445,335;-0,04433039
2447,263;-0,04509803
2449,192;-0,04603671
2451,121;-0,04538276
2453,049;-0,0442786
2454,978;-0,04804723
2456,906;-0,04532537
2458,834;-0,04323863
2460,763;-0,04630335
2462,691;-0,04670509
2464,62;-0,04522986
2466,549;-0,04775833
2468,477;-0,0454392
2470,406;-0,04401146
2472,334;-0,04678147
2474,262;-0,04720426
2476,191;-0,04618945
2478,119;-0,04714377
2480,048;-0,04644433
2481,977;-0,04572959
2483,905;-0,04805711
2485,833;-0,04779
2487,762;-0,04746427
2489,69;-0,0483879
2491,619;-0,05012938
2493,547;-0,04933199
2495,476;-0,04782641
2497,405;-0,04808
2499,333;-0,05114254
2501,261;-0,04949534
2503,19;-0,04944017
2505,118;-0,05086919
2507,047;-0,04916462
2508,975;-0,04871643
2510,904;-0,05179444
2512,833;-0,04993289
2514,761;-0,05022614
2516,689;-0,05247587
2518,618;-0,0511251
2520,546;-0,05122998
2522,475;-0,05281675
2524,403;-0,05207873
2526,332;-0,05232072
2528,26;-0,05477689
2530,189;-0,05134386
2532,117;-0,050634
2534,046;-0,05305196
2535,974;-0,05311325
2537,903;-0,05192479
2539,831;-0,0535175
2541,76;-0,05233337
2543,688;-0,05302191
2545,617;-0,0545265
2547,545;-0,0563025
2549,474;-0,05481924
2551,402;-0,05377909
2553,331;-0,05501571
2555,259;-0,05534881
2557,188;-0,05519409
2559,116;-0,05717394
2561,045;-0,05726043
2562,973;-0,05402247
2564,902;-0,05554411
2566,83;-0,05571277
2568,759;-0,05399965
2570,687;-0,05527211
2572,616;-0,05690994
2574,544;-0,05266123
2576,473;-0,05576806
2578,401;-0,05845641
2580,33;-0,05617648
2582,258;-0,05619026
2584,187;-0,05763055
2586,115;-0,05468581
2588,044;-0,05568139
2589,972;-0,05735974
2591,901;-0,05662516
2593,829;-0,05780067
2595,758;-0,059069
2597,686;-0,05847732
2599,615;-0,05898134
2601,543;-0,06018624
2603,472;-0,05988741
2605,4;-0,05932623
2607,329;-0,05814233
2609,257;-0,05970768
2611,186;-0,0589901
2613,114;-0,05900199
2615,043;-0,06027637
2616,971;-0,06000591
2618,9;-0,05818287
2620,828;-0,06250358
2622,757;-0,06187716
2624,685;-0,05951704
2626,614;-0,06191426
2628,542;-0,06192426
2630,471;-0,05963201
2632,399;-0,06254532
2634,328;-0,06190047
2636,256;-0,05911244
2638,185;-0,06283906
2640,113;-0,06360286
2642,042;-0,06151968
2643,97;-0,06190389
2645,899;-0,06249385
2647,827;-0,06051741
2649,756;-0,06318721
2651,684;-0,06257831
2653,613;-0,06158096
2655,541;-0,06195664
2657,47;-0,06303973
2659,398;-0,06231473
2661,327;-0,0627036
2663,255;-0,06222692
2665,184;-0,06353457
2667,112;-0,06415402
2669,041;-0,06572498
2670,969;-0,06646851
2672,898;-0,0639697
2674,826;-0,06398194
2676,755;-0,06513613
2678,683;-0,06363374
2680,612;-0,06325848
2682,54;-0,06593408
2684,469;-0,06274272
2686,397;-0,06313229
2688,326;-0,06691287
2690,254;-0,06622748
2692,183;-0,06286263
2694,111;-0,06562907
2696,04;-0,06389429
2697,968;-0,06364691
2699,897;-0,06612312
2701,825;-0,06569669
2703,754;-0,0644086
2705,682;-0,06675995
2707,611;-0,06554297
2709,539;-0,06469437
2711,468;-0,0671115
2713,396;-0,06678995
2715,325;-0,06496327
2717,253;-0,06475855
2719,182;-0,06581511
2721,11;-0,06587066
2723,039;-0,06549607
2724,967;-0,06594057
2726,896;-0,06772672
2728,824;-0,06451474
2730,753;-0,06542879
2732,681;-0,06712984
2734,61;-0,06570657
2736,538;-0,06638616
2738,467;-0,07006861
2740,395;-0,06656212
2742,324;-0,06652127
2744,252;-0,06769614
2746,181;-0,06572472
2748,109;-0,06702786
2750,038;-0,06969231
2751,966;-0,06677003
2753,895;-0,0663055
2755,823;-0,06925178
2757,752;-0,0664554
2759,68;-0,0671997
2761,609;-0,06932311
2763,537;-0,06788985
2765,466;-0,06606905
2767,394;-0,06854571
2769,323;-0,0678689
2771,251;-0,06831529
2773,18;-0,06900373
2775,108;-0,06892732
2777,037;-0,06730922
2778,965;-0,06820209
2780,894;-0,06814961
2782,822;-0,06746918
2784,75;-0,06812353
2786,679;-0,07164843
2788,608;-0,07137954
2790,536;-0,06936044
2792,465;-0,07114533
2794,393;-0,06944011
2796,322;-0,06667896
2798,25;-0,06958097
2800,178;-0,07127838
2802,107;-0,06650211
2804,036;-0,06895344
2805,964;-0,07108682
2807,893;-0,06888765
2809,821;-0,07057076
2811,75;-0,07278207
2813,678;-0,06718709
2815,606;-0,07016548
2817,535;-0,07151046
2819,464;-0,0673492
2821,392;-0,06825898
2823,321;-0,07236779
2825,249;-0,07133928
2827,177;-0,07170338
2829,106;-0,07167374
2831,034;-0,07096457
2832,963;-0,07150546
2834,892;-0,07057036
2836,82;-0,07154439
2838,749;-0,07139854
2840,677;-0,07161506
2842,605;-0,07148141
2844,534;-0,06951731
2846,462;-0,06679989
2848,391;-0,06962026
2850,32;-0,06867781
2852,248;-0,06797808
2854,177;-0,06973394
2856,105;-0,06885703
2858,033;-0,06688859
2859,962;-0,07082949
2861,89;-0,06929051
2863,819;-0,06926376
2865,748;-0,07272658
2867,676;-0,07087202
2869,604;-0,06931636
2871,533;-0,07327387
2873,461;-0,07353257
2875,39;-0,07136458
2877,319;-0,0738112
2879,247;-0,07224846
2881,176;-0,07138227
2883,104;-0,07150257
2885,032;-0,07384992
2886,961;-0,07335635
2888,889;-0,07384041
2890,818;-0,07405792
2892,747;-0,07673276
2894,675;-0,07590641
2896,604;-0,07458099
2898,532;-0,07270253
2900,46;-0,07264026
2902,389;-0,07341523
2904,317;-0,07402576
2906,246;-0,07109135
2908,175;-0,07166928
2910,103;-0,07406747
2912,031;-0,07075066
2913,96;-0,0708714
2915,888;-0,07316221
2917,817;-0,06910005
2919,745;-0,06789645
2921,674;-0,07408345
2923,603;-0,06941278
2925,531;-0,0689179
2927,459;-0,07238507
2929,388;-0,07162745
2931,316;-0,07045747
2933,245;-0,07621303
2935,173;-0,07339486
2937,102;-0,07287501
2939,031;-0,07487535
2940,959;-0,07440571
2942,887;-0,07320118
2944,816;-0,07681226
2946,744;-0,07765999
2948,673;-0,07554493
2950,601;-0,07528273
2952,53;-0,07541256
2954,458;-0,07655765
2956,387;-0,0757989
2958,315;-0,07903454
2960,244;-0,07944552
2962,172;-0,07742835
2964,101;-0,07820302
2966,029;-0,0817735
2967,958;-0,07693675
2969,886;-0,07831636
2971,815;-0,07946213
2973,743;-0,07641874
2975,672;-0,07751118
2977,6;-0,08210535
2979,529;-0,08076184
2981,457;-0,08322971
2983,386;-0,08439958
2985,314;-0,07837897
2987,243;-0,07889341
2989,171;-0,08318274
2991,1;-0,08199123
2993,028;-0,08244535
2994,957;-0,08349772
2996,885;-0,07961288
2998,814;-0,08237122
3000,742;-0,08440979
3002,671;-0,0822784
3004,599;-0,07961705
3006,528;-0,08120356
3008,456;-0,08074346
3010,385;-0,08047789
3012,313;-0,07913074
3014,242;-0,08283055
3016,17;-0,08370839
3018,099;-0,08313648
3020,027;-0,08532798
3021,956;-0,08442482
3023,884;-0,08087886
3025,813;-0,08470863
3027,741;-0,08578824
3029,67;-0,0822719
3031,598;-0,08541396
3033,527;-0,08339083
3035,455;-0,08157157
3037,384;-0,08616506
3039,312;-0,08738387
3041,241;-0,08393817
3043,169;-0,08839489
3045,098;-0,08773586
3047,026;-0,08393453
3048,955;-0,08456861
3050,883;-0,08620323
3052,812;-0,08282565
3054,74;-0,0865309
3056,669;-0,08900163
3058,597;-0,08618233
3060,526;-0,08567396
3062,454;-0,08593692
3064,383;-0,08558638
3066,311;-0,0844145
3068,24;-0,08475214
3070,168;-0,0883804
3072,097;-0,08971168
3074,025;-0,08669131
3075,954;-0,08874511
3077,882;-0,08583806
3079,811;-0,08631808
3081,739;-0,08925415
3083,668;-0,08714643
3085,596;-0,08427475
3087,525;-0,08945258
3089,453;-0,08898149
3091,382;-0,08759449
3093,31;-0,09222904
3095,239;-0,09019899
3097,167;-0,08594976
3099,096;-0,0900557
3101,024;-0,08991279
3102,953;-0,08860645
3104,881;-0,09418278
3106,81;-0,09203897
3108,738;-0,08815829
3110,667;-0,09067772
3112,595;-0,09269804
3114,524;-0,09137321
3116,452;-0,0939602
3118,381;-0,09323334
3120,309;-0,09519953
3122,238;-0,09571052
3124,166;-0,09613308
3126,095;-0,09467272
3128,023;-0,09595263
3129,952;-0,09561735
3131,88;-0,09701211
3133,809;-0,09559653
3135,737;-0,09359058
3137,666;-0,09477063
3139,594;-0,09018884
3141,523;-0,08945371
3143,451;-0,09454969
3145,38;-0,08996168
3147,308;-0,08899545
3149,237;-0,09906966
3151,165;-0,09635314
3153,094;-0,09384026
3155,022;-0,09560934
3156,951;-0,09307594
3158,879;-0,0912515
3160,808;-0,09828047
3162,736;-0,09511093
3164,665;-0,09653955
3166,593;-0,1013582
3168,522;-0,09845082
3170,45;-0,09606685
3172,379;-0,1000173
3174,307;-0,09912703
3176,236;-0,09731414
3178,164;-0,09780668
3180,093;-0,0980463
3182,021;-0,1010491
3183,95;-0,1014339
3185,878;-0,1004786
3187,807;-0,09808294
3189,735;-0,09806962
3191,664;-0,1003988
3193,592;-0,1031887
3195,521;-0,1003669
3197,449;-0,1042343
3199,378;-0,102713
3201,306;-0,09720157
3203,235;-0,09866253
3205,163;-0,1040911
3207,092;-0,09920727
3209,02;-0,1017285
3210,948;-0,1042205
3212,877;-0,09749908
3214,806;-0,09913584
3216,734;-0,1012193
3218,663;-0,09374353
3220,591;-0,09639438
3222,52;-0,104036
3224,448;-0,1013456
3226,376;-0,1010179
3228,305;-0,103731
3230,234;-0,1014115
3232,162;-0,09976751
3234,091;-0,1026182
3236,019;-0,1015978
3237,948;-0,1033402
3239,876;-0,1002698
3241,804;-0,1046975
3243,733;-0,1057843
3245,662;-0,1040647
3247,59;-0,1050068
3249,519;-0,105646
3251,447;-0,1028832
3253,375;-0,105506
3255,304;-0,1060468
3257,232;-0,1028924
3259,161;-0,1060224
3261,09;-0,1047671
3263,018;-0,1012074
3264,947;-0,1039017
3266,875;-0,1049667
3268,803;-0,09895471
3270,732;-0,1037624
3272,66;-0,1053885
3274,589;-0,1018702
3276,518;-0,1018744
3278,446;-0,1029493
3280,375;-0,100054
3282,303;-0,1059168
3284,231;-0,1081172
3286,16;-0,1066757
3288,088;-0,1070592
3290,017;-0,1070022
3291,946;-0,106548
3293,874;-0,1080903
3295,802;-0,1083967
3297,731;-0,1059063
3299,659;-0,1048792
3301,588;-0,1070861
3303,516;-0,1119334
3305,445;-0,1097855
3307,374;-0,1083283
3309,302;-0,107359
3311,23;-0,1049856
3313,159;-0,1023121
3315,087;-0,1118216
3317,016;-0,1076176
3318,944;-0,1031943
3320,873;-0,1092715
3322,802;-0,1086238
3324,73;-0,1047914
3326,658;-0,1094354
3328,587;-0,1065206
3330,515;-0,1041368
3332,444;-0,1085072
3334,372;-0,1083113
3336,301;-0,107254
3338,229;-0,1094542
3340,158;-0,1082027
3342,086;-0,1066303
3344,015;-0,1093841
3345,943;-0,1075087
3347,872;-0,1087062
3349,8;-0,1102181
3351,729;-0,1134894
3353,657;-0,1115356
3355,586;-0,1122366
3357,514;-0,1089874
3359,443;-0,109266
3361,371;-0,1064864
3363,3;-0,1066906
3365,229;-0,1066056
3367,157;-0,1032355
3369,085;-0,1028873
3371,014;-0,1081031
3372,942;-0,1063879
3374,871;-0,1049048
3376,799;-0,1093866
3378,728;-0,1061397
3380,656;-0,1053123
3382,585;-0,1085726
3384,513;-0,1071767
3386,442;-0,1042805
3388,37;-0,1114926
3390,299;-0,1086417
3392,227;-0,1076532
3394,156;-0,1096908
3396,084;-0,1074308
3398,013;-0,103975
3399,941;-0,1091685
3401,87;-0,1082523
3403,798;-0,1097906
3405,727;-0,1147089
3407,655;-0,1138891
3409,584;-0,1109399
3411,512;-0,1120225
3413,441;-0,1102446
3415,369;-0,1079296
3417,298;-0,1056635
3419,226;-0,1050584
3421,155;-0,1094484
3423,083;-0,1064443
3425,012;-0,1101414
3426,94;-0,1108868
3428,869;-0,1061839
3430,797;-0,1066584
3432,726;-0,1108105
3434,654;-0,1044267
3436,583;-0,1091423
3438,511;-0,110089
3440,44;-0,1056831
3442,368;-0,1086575
3444,297;-0,1110304
3446,225;-0,1071598
3448,154;-0,1114283
3450,082;-0,111994
3452,011;-0,1002089
3453,939;-0,1020469
3455,868;-0,1093831
3457,796;-0,1091267
3459,725;-0,1086205
3461,653;-0,1142635
3463,582;-0,1120113
3465,51;-0,1122029
3467,439;-0,1115514
3469,367;-0,1142716
3471,296;-0,111843
3473,224;-0,109766
3475,153;-0,1105167
3477,081;-0,112296
3479,01;-0,1114197
3480,938;-0,1149164
3482,867;-0,1137326
3484,795;-0,1074677
3486,724;-0,1122181
3488,652;-0,1121718
3490,581;-0,1105007
3492,509;-0,1153159
3494,438;-0,1148278
3496,366;-0,1082798
3498,295;-0,1152313
3500,223;-0,1166551
3502,152;-0,1080904
3504,08;-0,1098337
3506,009;-0,1181987
3507,937;-0,1103759
3509,866;-0,1123242
3511,794;-0,1111194
3513,723;-0,1066345
3515,651;-0,1117397
3517,58;-0,1148871
3519,508;-0,108825
3521,437;-0,1093571
3523,365;-0,1098468
3525,294;-0,103897
3527,222;-0,1043906
3529,151;-0,1078688
3531,079;-0,1105524
3533,008;-0,1108353
3534,936;-0,1139693
3536,865;-0,1134893
3538,793;-0,1077519
3540,722;-0,1008739
3542,65;-0,1080883
3544,579;-0,1088845
3546,507;-0,1128683
3548,436;-0,1146166
3550,364;-0,1111502
3552,293;-0,1067837
3554,221;-0,1152284
3556,15;-0,1135681
3558,078;-0,1106308
3560,007;-0,113803
3561,935;-0,1108263
3563,864;-0,1047129
3565,792;-0,1091942
3567,721;-0,1088912
3569,649;-0,1062256
3571,578;-0,1097887
3573,506;-0,1073158
3575,435;-0,105906
3577,363;-0,1092666
3579,292;-0,1108745
3581,22;-0,1074627
3583,149;-0,1104446
3585,077;-0,1087267
3587,006;-0,1078169
3588,934;-0,1041953
3590,863;-0,1032806
3592,791;-0,1016644
3594,72;-0,09603596
3596,648;-0,09577564
3598,577;-0,1031412
3600,505;-0,09480251
3602,434;-0,09371255
3604,362;-0,1024686
3606,291;-0,09313442
3608,219;-0,08347396
3610,148;-0,076767
3612,076;-0,05519231
3614,005;-0,02870719
3615,933;0,01182568
3617,862;0,100414
3619,79;0,1491573
3621,719;0,09960757
3623,647;0,03287532
3625,576;-0,005835025
3627,504;-0,03224704
3629,433;-0,03840983
3631,361;-0,04921997
3633,29;-0,06177514
3635,218;-0,06196827
3637,146;-0,0501942
3639,075;-0,0432509
3641,004;-0,03885284
3642,932;-0,03128913
3644,861;-0,02669916
3646,789;-0,01487219
3648,718;-0,002548336
3650,646;0,009468401
3652,574;0,007355031
3654,503;0,004713656
3656,432;0,003268149
3658,36;-0,004650064
3660,289;-0,01973645
3662,217;-0,01511732
3664,146;-0,01232547
3666,074;-0,004410761
3668,002;-0,000126984
3669,931;-0,008519083
3671,86;-0,01590826
3673,788;-0,01183645
3675,717;-0,01880777
3677,645;-0,01721802
3679,573;0,002178651
3681,502;0,01927764
3683,43;0,04460907
3685,359;0,09286691
3687,288;0,1421221
3689,216;0,1840722
3691,145;0,2405569
3693,073;0,2729041
3695,001;0,2820792
3696,93;0,2592129
3698,858;0,2044592
3700,787;0,1457262
3702,716;0,09790143
3704,644;0,05033775
3706,573;0,01598397
3708,501;-0,0169351
3710,429;-0,03606493
3712,358;-0,05283793
3714,286;-0,07463147
3716,215;-0,08827082
3718,144;-0,09361916
3720,072;-0,1074249
3722;-0,1126897
3723,929;-0,1072683
3725,857;-0,1168449
3727,786;-0,1208573
3729,714;-0,1187146
3731,643;-0,1251792
3733,572;-0,1241438
3735,5;-0,1194897
3737,428;-0,1310102
3739,357;-0,1316742
3741,285;-0,131817
3743,214;-0,1348345
3745,142;-0,1365104
3747,071;-0,1334633
3749;-0,1451359
3750,928;-0,1478657
3752,856;-0,140336
3754,785;-0,1367648
3756,713;-0,1396279
3758,642;-0,1443703
3760,57;-0,1483915
3762,499;-0,1488726
3764,427;-0,1457686
3766,356;-0,1442981
3768,284;-0,1442202
3770,213;-0,1472141
3772,141;-0,1455675
3774,07;-0,1476717
3775,998;-0,1504232
3777,927;-0,148889
3779,855;-0,1419316
3781,784;-0,1508249
3783,712;-0,1457591
3785,641;-0,1416023
3787,569;-0,1532674
3789,498;-0,1522212
3791,426;-0,1466017
3793,355;-0,1549512
3795,283;-0,1542526
3797,212;-0,1461325
3799,14;-0,152964
3801,069;-0,1533267
3802,997;-0,1529651
3804,926;-0,1574405
3806,854;-0,1579846
3808,783;-0,1521394
3810,711;-0,1557632
3812,64;-0,1607037
3814,568;-0,1639154
3816,497;-0,1606674
3818,425;-0,1588885
3820,354;-0,159628
3822,282;-0,1595503
3824,211;-0,1565067
3826,139;-0,1627551
3828,068;-0,1609451
3829,996;-0,1605308
3831,925;-0,1690931
3833,853;-0,1661936
3835,782;-0,1651142
3837,71;-0,1667813
3839,639;-0,1589154
3841,567;-0,159174
3843,496;-0,1700756
3845,424;-0,1605836
3847,353;-0,1599628
3849,281;-0,1694411
3851,21;-0,1683306
3853,138;-0,1657335
3855,067;-0,1703555
3856,995;-0,1627396
3858,924;-0,1669951
3860,852;-0,1688751
3862,781;-0,1657824
3864,709;-0,1631933
3866,638;-0,169535
3868,566;-0,1659933
3870,495;-0,1691936
3872,423;-0,176258
3874,352;-0,1729047
3876,28;-0,1692369
3878,209;-0,1676077
3880,137;-0,1665498
3882,066;-0,1633675
3883,994;-0,1667978
3885,923;-0,1723645
3887,851;-0,1779583
3889,78;-0,1738047
3891,708;-0,1788234
3893,637;-0,1743637
3895,565;-0,1610517
3897,494;-0,1653325
3899,422;-0,1743309
3901,351;-0,1653475
3903,279;-0,1708752
3905,208;-0,1713527
3907,136;-0,1620618
3909,065;-0,1644605
3910,993;-0,17259
3912,922;-0,1683813
3914,85;-0,1680613
3916,779;-0,1747188
3918,707;-0,168836
3920,636;-0,1683523
3922,564;-0,1692318
3924,493;-0,170485
3926,421;-0,1720783
3928,35;-0,1766113
3930,278;-0,1755575
3932,207;-0,1794648
3934,135;-0,1751713
3936,064;-0,1759188
3937,992;-0,1732615
3939,921;-0,1740871
3941,849;-0,1752575
3943,778;-0,1747516
3945,706;-0,1766649
3947,635;-0,1775168
3949,563;-0,1699116
3951,492;-0,1686461
3953,42;-0,1761302
3955,349;-0,1742311
3957,277;-0,1699476
3959,206;-0,180163
3961,134;-0,1836847
3963,063;-0,1740411
3964,991;-0,1801312
3966,92;-0,1755267
3968,848;-0,1702754
3970,777;-0,1749736
3972,705;-0,1807334
3974,634;-0,1707378
3976,562;-0,1767173
3978,491;-0,1726806
3980,419;-0,1661993
3982,348;-0,1721129
3984,276;-0,1794278
3986,205;-0,1838404
3988,133;-0,1890905
3990,062;-0,1874071
3991,99;-0,1850085
3993,919;-0,181902
3995,847;-0,1753754
3997,776;-0,1799296
3999,704;-0,180964
4001,633;0
