399,1989;0,2475805
401,1274;0,2662416
403,0559;0,2795012
404,9844;0,2929448
406,9129;0,30649
408,8414;0,3291029
410,7699;0,3474467
412,6984;0,363765
414,6269;0,3837003
416,5554;0,4131559
418,4839;0,4187075
420,4124;0,4443742
422,3409;0,4732705
424,2694;0,4807413
426,1979;0,4955063
428,1264;0,518855
430,0549;0,5114337
431,9834;0,5169439
433,9119;0,5243067
435,8404;0,5039545
437,7689;0,4929856
439,6974;0,4945545
441,6259;0,4781211
443,5544;0,4745056
445,4829;0,4908064
447,4114;0,4817384
449,3399;0,4887074
451,2684;0,5053868
453,1969;0,5139899
455,1254;0,5282885
457,0539;0,5607616
458,9824;0,5837924
460,9109;0,6165761
462,8394;0,6558343
464,7679;0,6948829
466,6964;0,7278797
468,6249;0,7510069
470,5533;0,7696186
472,4819;0,7702143
474,4103;0,7535687
476,3389;0,7324212
478,2673;0,7068656
480,1959;0,6678961
482,1243;0,640968
484,0529;0,6108429
485,9813;0,5759737
487,9099;0,5575981
489,8383;0,5440943
491,7668;0,51704
493,6953;0,5166928
495,6238;0,5172351
497,5523;0,5087849
499,4808;0,5162947
501,4093;0,531287
503,3378;0,5291607
505,2663;0,5424126
507,1948;0,5518798
509,1233;0,553225
511,0518;0,5643044
512,9803;0,5753615
514,9088;0,5779612
516,8373;0,5842376
518,7658;0,5928872
520,6943;0,5980156
522,6228;0,6056281
524,5513;0,609091
526,4798;0,6150174
528,4083;0,615958
530,3368;0,6201928
532,2653;0,6265278
534,1938;0,6240194
536,1223;0,6167103
538,0508;0,6159107
539,9792;0,6001564
541,9078;0,5788516
543,8363;0,5692815
545,7648;0,5505449
547,6932;0,52461
549,6218;0,5141528
551,5503;0,495162
553,4788;0,4720769
555,4072;0,4651812
557,3358;0,4498655
559,2643;0,4298815
561,1927;0,4202223
563,1212;0,4075422
565,0497;0,3863962
566,9783;0,377318
568,9067;0,3633024
570,8352;0,3463464
572,7637;0,3345244
574,6923;0,3256458
576,6207;0,3126476
578,5492;0,3030142
580,4777;0,2925711
582,4063;0,2856418
584,3347;0,2765826
586,2632;0,2689778
588,1917;0,2634584
590,1202;0,2539837
592,0487;0,2477296
593,9772;0,2452859
595,9057;0,2343363
597,8342;0,2259001
599,7627;0,2258305
601,6912;0,2141338
603,6197;0,2066522
605,5482;0,2057573
607,4767;0,1960894
609,4052;0,186584
611,3337;0,1888727
613,2622;0,1795291
615,1907;0,1726161
617,1192;0,1731058
619,0477;0,1680064
620,9762;0,1614005
622,9047;0,162811
624,8332;0,1585506
626,7617;0,1549767
628,6902;0,1555285
630,6187;0,1530349
632,5472;0,1512581
634,4756;0,1503372
636,4042;0,1499368
638,3326;0,1480811
640,2612;0,1474241
642,1896;0,1469012
644,1182;0,1469144
646,0466;0,1419792
647,9752;0,1425409
649,9036;0,1415334
651,8322;0,1368134
653,7606;0,1359145
655,6891;0,1385683
657,6177;0,1325402
659,5461;0,1334907
661,4746;0,1359651
663,4031;0,1313225
665,3317;0,1319998
667,2601;0,1366253
669,1886;0,1324969
671,1171;0,1338721
673,0457;0,1384831
674,9741;0,1350819
676,9026;0,1362074
678,8311;0,1389076
680,7596;0,138267
682,6881;0,1390164
684,6166;0,1426105
686,5451;0,1418161
688,4736;0,144151
690,4021;0,1461822
692,3306;0,1477126
694,2591;0,1472312
696,1876;0,1483207
698,1161;0,1490673
700,0446;0,148817
701,9731;0,1449246
703,9016;0,143348
705,8301;0,1388374
707,7585;0,1324076
709,6871;0,1314692
711,6156;0,1278097
713,5441;0,1216768
715,4725;0,1225702
717,4011;0,1220702
719,3296;0,1162609
721,2581;0,1196853
723,1865;0,1198385
725,1151;0,1158003
727,0436;0,1174044
728,972;0,1185809
730,9005;0,1135751
732,829;0,1161626
734,7576;0,1167815
736,686;0,1145186
738,6145;0,1170398
740,543;0,1199226
742,4716;0,1181955
744,4;0,1207424
746,3285;0,1232165
748,257;0,1240069
750,1855;0,1260942
752,114;0,1266099
754,0425;0,1262397
755,971;0,1250205
757,8995;0,1249471
759,828;0,1245223
761,7565;0,1226714
763,685;0,1197242
765,6135;0,1206611
767,542;0,1171997
769,4705;0,1156197
771,399;0,1174318
773,3275;0,1156558
775,256;0,1130279
777,1844;0,1172109
779,113;0,1150656
781,0415;0,1128881
782,97;0,1172723
784,8984;0,1170448
786,827;0,1146339
788,7555;0,1178518
790,684;0,1171005
792,6124;0,1147616
794,541;0,1176936
796,4695;0,1160019
798,3979;0,1143185
800,3264;0,1160281
802,2549;0,1151183
804,1835;0,1108782
806,1119;0,1108653
808,0404;0,1095526
809,9689;0,1093553
811,8975;0,1083422
813,8259;0,1096027
815,7545;0,1095479
817,683;0,1093544
819,6115;0,1109404
821,5399;0,1142213
823,4684;0,1131621
825,397;0,1152221
827,3254;0,1190915
829,2539;0,1173259
831,1824;0,1181508
833,111;0,1216281
835,0394;0,1196437
836,9679;0,1183882
838,8964;0,1208903
840,825;0,1169675
842,7534;0,1167539
844,6819;0,1183994
846,6104;0,1160065
848,5389;0,1160541
850,4674;0,1206625
852,3959;0,1198898
854,3244;0,1222953
856,2529;0,1270677
858,1814;0,1293969
860,1099;0,1323834
862,0384;0,1378344
863,9669;0,1408876
865,8954;0,144199
867,8239;0,1484969
869,7524;0,1521449
871,6809;0,1557847
873,6094;0,1583776
875,5378;0,1635832
877,4664;0,1666551
879,3949;0,1680794
881,3234;0,1714223
883,2518;0,1746479
885,1804;0,1737005
887,1089;0,179188
889,0374;0,1832899
890,9658;0,1856449
892,8943;0,1929983
894,8229;0,201975
896,7513;0,2066154
898,6798;0,2184838
900,6083;0,2312121
902,5369;0,2405553
904,4653;0,2556433
906,3938;0,2719693
908,3223;0,2839782
910,2509;0,298142
912,1793;0,3080341
914,1078;0,3073784
916,0364;0,3060266
917,9648;0,3020107
919,8933;0,295837
921,8218;0,2916752
923,7504;0,2906987
925,6788;0,2890844
927,6073;0,2891662
929,5358;0,2894851
931,4644;0,2927783
933,3928;0,2941452
935,3213;0,2966697
937,2498;0,3008175
939,1783;0,303375
941,1068;0,3057543
943,0353;0,3122346
944,9637;0,3168819
946,8923;0,3222706
948,8208;0,3340668
950,7493;0,3447382
952,6777;0,356605
954,6063;0,3745412
956,5348;0,3923464
958,4633;0,4089989
960,3917;0,4337017
962,3203;0,4568437
964,2488;0,4797682
966,1772;0,5081373
968,1057;0,5366446
970,0343;0,5622328
971,9628;0,5946185
973,8912;0,627628
975,8197;0,6617112
977,7483;0,699069
979,6768;0,7375219
981,6052;0,7745198
983,5337;0,8123832
985,4623;0,8513294
987,3907;0,8895608
989,3192;0,9293203
991,2477;0,9703977
993,1763;1,009151
995,1047;1,045574
997,0332;1,087035
998,9617;1,128233
1000,89;1,166276
1002,819;1,206495
1004,747;1,243086
1006,676;1,269056
1008,604;1,298272
1010,533;1,310546
1012,461;1,312874
1014,39;1,33118
1016,318;1,349398
1018,247;1,359183
1020,175;1,367617
1022,104;1,377506
1024,032;1,389298
1025,961;1,409212
1027,889;1,427591
1029,818;1,43137
1031,746;1,423646
1033,675;1,406801
1035,603;1,380251
1037,532;1,356225
1039,46;1,323902
1041,389;1,292276
1043,317;1,250798
1045,246;1,208394
1047,174;1,169207
1049,103;1,134535
1051,031;1,098127
1052,96;1,067641
1054,888;1,035899
1056,817;1,001454
1058,745;0,9735734
1060,674;0,9476343
1062,602;0,914597
1064,531;0,8901731
1066,459;0,8679209
1068,388;0,8420615
1070,316;0,8225474
1072,245;0,802287
1074,173;0,7799529
1076,102;0,7628587
1078,03;0,7502316
1079,959;0,7332348
1081,887;0,7181869
1083,816;0,7035846
1085,744;0,6906689
1087,673;0,6806635
1089,601;0,6701364
1091,53;0,6561247
1093,458;0,6461494
1095,387;0,6371318
1097,315;0,6258103
1099,244;0,6159564
1101,172;0,6074779
1103,101;0,5980603
1105,029;0,5877425
1106,958;0,5774559
1108,886;0,5676855
1110,815;0,555078
1112,743;0,5412518
1114,672;0,5296589
1116,6;0,5122849
1118,529;0,4912673
1120,457;0,4708359
1122,386;0,4507347
1124,314;0,4293409
1126,243;0,4165309
1128,171;0,4014866
1130,1;0,3851314
1132,028;0,3746602
1133,957;0,3634306
1135,885;0,3486221
1137,814;0,339349
1139,742;0,328878
1141,671;0,3165134
1143,599;0,3080517
1145,528;0,2993549
1147,456;0,2894941
1149,385;0,2819027
1151,313;0,2741916
1153,242;0,2647861
1155,17;0,2573343
1157,099;0,2496152
1159,027;0,2422828
1160,956;0,2337981
1162,884;0,2269489
1164,813;0,2198412
1166,741;0,2118821
1168,67;0,2036611
1170,598;0,1989993
1172,526;0,1915105
1174,455;0,1843627
1176,384;0,1800183
1178,312;0,1732841
1180,24;0,167273
1182,169;0,1644155
1184,098;0,1577591
1186,026;0,1515388
1187,954;0,1499894
1189,883;0,1436583
1191,812;0,1383996
1193,74;0,1368174
1195,668;0,1326374
1197,597;0,1278403
1199,526;0,1272607
1201,454;0,1230782
1203,382;0,1195092
1205,311;0,1176408
1207,24;0,1151
1209,168;0,1122634
1211,096;0,111841
1213,025;0,109568
1214,953;0,1068912
1216,882;0,104664
1218,81;0,103513
1220,739;0,1024743
1222,667;0,1000002
1224,596;0,0990658
1226,524;0,09869388
1228,453;0,09615757
1230,381;0,09510309
1232,31;0,09553898
1234,238;0,09176912
1236,167;0,09124018
1238,095;0,09191429
1240,024;0,08935625
1241,952;0,08789031
1243,881;0,08890785
1245,809;0,08500805
1247,738;0,08472852
1249,666;0,08611479
1251,595;0,08281796
1253,523;0,08180517
1255,452;0,08349717
1257,38;0,08088666
1259,309;0,08030984
1261,237;0,08171945
1263,166;0,07975476
1265,094;0,07887895
1267,023;0,07854227
1268,951;0,07766189
1270,88;0,07664614
1272,808;0,07623689
1274,737;0,07496997
1276,665;0,07481702
1278,594;0,0733687
1280,522;0,07386162
1282,451;0,07275413
1284,379;0,07187574
1286,308;0,07278731
1288,236;0,07275613
1290,165;0,06968877
1292,093;0,07089448
1294,022;0,07075333
1295,95;0,06833095
1297,879;0,06966275
1299,807;0,07011951
1301,736;0,0674546
1303,664;0,06845251
1305,593;0,06882187
1307,521;0,06594504
1309,45;0,06754912
1311,378;0,06769741
1313,307;0,06541526
1315,235;0,0658592
1317,164;0,06666473
1319,092;0,06399699
1321,021;0,06470529
1322,949;0,06492232
1324,878;0,06359518
1326,806;0,06329639
1328,735;0,06380885
1330,663;0,06275619
1332,592;0,06262619
1334,52;0,0623055
1336,449;0,06226022
1338,377;0,06155367
1340,306;0,06106975
1342,234;0,06250381
1344,163;0,06172968
1346,091;0,06101919
1348,02;0,06233009
1349,948;0,06172456
1351,877;0,06050596
1353,805;0,06377024
1355,734;0,06200691
1357,662;0,06047119
1359,591;0,06219671
1361,519;0,06168461
1363,448;0,05924041
1365,376;0,06183824
1367,305;0,06069629
1369,233;0,05918034
1371,162;0,0612382
1373,09;0,06153416
1375,019;0,0603022
1376,947;0,06224259
1378,876;0,06337605
1380,804;0,06682144
1382,733;0,07582064
1384,661;0,07734012
1386,59;0,0690736
1388,518;0,06250963
1390,447;0,06039388
1392,375;0,05849444
1394,304;0,05756138
1396,232;0,05743153
1398,161;0,05789362
1400,089;0,05570179
1402,018;0,05602793
1403,946;0,05701179
1405,875;0,05514827
1407,803;0,05466985
1409,732;0,05741194
1411,66;0,05629668
1413,589;0,05664482
1415,517;0,05847124
1417,446;0,05535594
1419,374;0,05445844
1421,303;0,05694662
1423,231;0,05553303
1425,16;0,05501207
1427,088;0,05771768
1429,017;0,05527315
1430,945;0,05477674
1432,874;0,05658888
1434,802;0,05530781
1436,731;0,05330532
1438,659;0,05530111
1440,588;0,0544447
1442,516;0,05404108
1444,445;0,0536477
1446,373;0,05372516
1448,302;0,05270251
1450,23;0,05284921
1452,159;0,05366611
1454,087;0,05305224
1456,016;0,0505329
1457,944;0,05199258
1459,873;0,05342735
1461,801;0,05132445
1463,73;0,05176284
1465,658;0,05155273
1467,587;0,04971433
1469,515;0,04990269
1471,444;0,0500631
1473,372;0,04608896
1475,301;0,04715098
1477,229;0,04799885
1479,158;0,04502621
1481,086;0,04529276
1483,015;0,04834048
1484,943;0,04550482
1486,872;0,04551446
1488,8;0,04602357
1490,729;0,04430952
1492,657;0,04453928
1494,586;0,04522962
1496,514;0,04465586
1498,443;0,04510737
1500,371;0,04610893
1502,3;0,04572303
1504,228;0,04504588
1506,157;0,04412338
1508,085;0,04574656
1510,014;0,04551686
1511,942;0,04563863
1513,871;0,04646887
1515,799;0,04656358
1517,728;0,04548878
1519,656;0,04717603
1521,585;0,04530945
1523,513;0,04463603
1525,442;0,04727351
1527,37;0,04806451
1529,299;0,04645198
1531,227;0,04869238
1533,156;0,04813258
1535,084;0,04668952
1537,013;0,04932945
1538,941;0,04901212
1540,87;0,04766108
1542,798;0,0504023
1544,727;0,05143571
1546,655;0,04893326
1548,584;0,05116838
1550,512;0,05196494
1552,441;0,05086643
1554,369;0,05132005
1556,298;0,05221429
1558,226;0,05014536
1560,155;0,05127889
1562,083;0,05227835
1564,012;0,05260245
1565,94;0,0523605
1567,869;0,05300057
1569,797;0,05381217
1571,726;0,05338876
1573,654;0,05368149
1575,583;0,05558887
1577,511;0,05480286
1579,44;0,05531902
1581,368;0,05890874
1583,297;0,05710788
1585,225;0,05713555
1587,154;0,06004805
1589,082;0,05907008
1591,01;0,05732429
1592,939;0,06113875
1594,868;0,05929445
1596,796;0,05929757
1598,724;0,06232807
1600,653;0,06223173
1602,582;0,06114073
1604,51;0,06362341
1606,438;0,06256293
1608,367;0,06225116
1610,296;0,06388722
1612,224;0,06401818
1614,152;0,06345116
1616,081;0,06339736
1618,01;0,06405197
1619,938;0,0636948
1621,866;0,06356786
1623,795;0,06434382
1625,724;0,06489604
1627,652;0,06330405
1629,58;0,06516198
1631,509;0,06544002
1633,438;0,06339706
1635,366;0,06228462
1637,294;0,06359525
1639,223;0,06168938
1641,151;0,06322965
1643,08;0,06480017
1645,008;0,06190522
1646,937;0,06101106
1648,865;0,06294459
1650,794;0,05914958
1652,722;0,05807538
1654,651;0,06041471
1656,579;0,05810606
1658,508;0,05828438
1660,436;0,0599836
1662,365;0,0583911
1664,293;0,05718835
1666,222;0,05852909
1668,15;0,0560147
1670,079;0,05536618
1672,007;0,05515944
1673,936;0,05393697
1675,864;0,05224232
1677,793;0,05351463
1679,721;0,05268107
1681,65;0,05193749
1683,578;0,05036863
1685,507;0,05128459
1687,435;0,05077566
1689,364;0,04900251
1691,292;0,04939215
1693,221;0,04814757
1695,149;0,04505812
1697,078;0,04714194
1699,006;0,04752558
1700,935;0,04376204
1702,863;0,04607676
1704,792;0,04570257
1706,72;0,04385271
1708,649;0,04603484
1710,577;0,04646275
1712,506;0,04190465
1714,434;0,04345028
1716,363;0,04352943
1718,291;0,0421572
1720,22;0,04359284
1722,148;0,04417543
1724,077;0,04179607
1726,005;0,04249272
1727,934;0,04301428
1729,862;0,04041548
1731,791;0,03865648
1733,719;0,03872084
1735,648;0,03892762
1737,576;0,03787696
1739,505;0,0369965
1741,433;0,03703179
1743,362;0,03670662
1745,29;0,03600287
1747,219;0,03740967
1749,147;0,03508865
1751,076;0,03463796
1753,004;0,03613824
1754,933;0,03573257
1756,861;0,03426398
1758,79;0,03675094
1760,718;0,03376203
1762,647;0,0323095
1764,575;0,03561757
1766,504;0,03461097
1768,432;0,03166144
1770,361;0,03381557
1772,289;0,03347115
1774,218;0,03206989
1776,146;0,03465055
1778,075;0,03363667
1780,003;0,03214759
1781,932;0,03298144
1783,86;0,03322385
1785,789;0,03170414
1787,717;0,03341321
1789,646;0,03256392
1791,574;0,03159313
1793,503;0,03130622
1795,431;0,03229447
1797,36;0,03154
1799,288;0,03065695
1801,217;0,03159772
1803,145;0,03297186
1805,074;0,03100766
1807,002;0,0307481
1808,931;0,03195896
1810,859;0,03000035
1812,788;0,03012438
1814,716;0,03226417
1816,645;0,03042866
1818,573;0,03013713
1820,502;0,03177814
1822,43;0,02859444
1824,359;0,02956855
1826,287;0,03103129
1828,216;0,02889145
1830,144;0,02790009
1832,073;0,03064216
1834,001;0,02818907
1835,93;0,02771277
1837,858;0,02896257
1839,787;0,02865811
1841,715;0,02803445
1843,644;0,02894351
1845,572;0,02765962
1847,501;0,02661705
1849,429;0,02752686
1851,358;0,02748447
1853,286;0,02664087
1855,215;0,02557541
1857,143;0,02658465
1859,072;0,02626203
1861;0,02568507
1862,929;0,025933
1864,857;0,02622877
1866,786;0,02411027
1868,714;0,02609138
1870,643;0,02589579
1872,571;0,02372408
1874,5;0,02501705
1876,428;0,0260621
1878,357;0,02297696
1880,285;0,02510796
1882,214;0,02609124
1884,142;0,02335662
1886,071;0,02446884
1887,999;0,0258737
1889,928;0,02306591
1891,856;0,02390052
1893,785;0,02569692
1895,713;0,02331061
1897,642;0,02416663
1899,57;0,02481307
1901,499;0,02306074
1903,427;0,02211072
1905,356;0,02304079
1907,284;0,02171669
1909,213;0,02203117
1911,141;0,02198359
1913,07;0,0221769
1914,998;0,02136449
1916,927;0,02099826
1918,855;0,0218874
1920,784;0,02239911
1922,712;0,02157884
1924,641;0,02348401
1926,569;0,02227605
1928,498;0,02030657
1930,426;0,02268253
1932,355;0,02150983
1934,283;0,01968847
1936,212;0,02179218
1938,14;0,02118254
1940,069;0,0184073
1941,997;0,02136686
1943,926;0,02099808
1945,854;0,01884516
1947,783;0,01948095
1949,711;0,02037247
1951,64;0,01863683
1953,568;0,02062069
1955,497;0,0202338
1957,425;0,0190512
1959,354;0,01985274
1961,282;0,02055381
1963,211;0,01983789
1965,139;0,01911373
1967,068;0,01860958
1968,996;0,01826404
1970,925;0,01813302
1972,853;0,01865388
1974,782;0,0202722
1976,71;0,01902306
1978,639;0,01892261
1980,567;0,01972709
1982,496;0,01786512
1984,424;0,01640277
1986,353;0,01880174
1988,281;0,01688429
1990,21;0,01646028
1992,138;0,01826801
1994,067;0,01688887
1995,995;0,01550156
1997,924;0,01837401
1999,852;0,01710164
2001,781;0,01594994
2003,709;0,01823581
2005,638;0,01695336
2007,566;0,01566728
2009,495;0,01773898
2011,423;0,01754864
2013,352;0,01646919
2015,28;0,0181505
2017,208;0,01693169
2019,137;0,01602533
2021,066;0,01570551
2022,994;0,01591447
2024,922;0,01541693
2026,851;0,01642531
2028,78;0,01649142
2030,708;0,01735827
2032,636;0,01612896
2034,565;0,01707869
2036,494;0,01780253
2038,422;0,01555486
2040,35;0,01534123
2042,279;0,01689583
2044,208;0,01474881
2046,136;0,01546695
2048,064;0,01683906
2049,993;0,01462206
2051,921;0,01608698
2053,85;0,01720822
2055,778;0,01474733
2057,707;0,01500597
2059,635;0,01771358
2061,564;0,01461394
2063,492;0,01433591
2065,421;0,01560449
2067,349;0,01440211
2069,278;0,01422425
2071,206;0,01602928
2073,135;0,01435317
2075,063;0,01466606
2076,992;0,01504254
2078,92;0,014583
2080,849;0,01447093
2082,777;0,01575399
2084,706;0,01601859
2086,634;0,01533657
2088,563;0,014007
2090,491;0,01448042
2092,42;0,01528783
2094,348;0,01399393
2096,277;0,01581666
2098,205;0,01507334
2100,134;0,0132519
2102,062;0,01493858
2103,991;0,01529397
2105,919;0,0129402
2107,848;0,01515372
2109,776;0,01485409
2111,705;0,01323855
2113,633;0,01387277
2115,562;0,01492407
2117,49;0,01356647
2119,419;0,01547293
2121,347;0,0146648
2123,276;0,0122286
2125,204;0,01464204
2127,133;0,01567009
2129,061;0,013657
2130,99;0,01364339
2132,918;0,01451964
2134,847;0,01323704
2136,775;0,01404146
2138,704;0,01492572
2140,632;0,01554823
2142,561;0,0143179
2144,489;0,01434471
2146,418;0,01340207
2148,346;0,01310586
2150,275;0,01264754
2152,203;0,01480739
2154,132;0,01360824
2156,06;0,01291081
2157,989;0,0133326
2159,917;0,01266904
2161,846;0,01229353
2163,774;0,01460503
2165,703;0,01396282
2167,631;0,01294262
2169,56;0,01554844
2171,488;0,01308725
2173,417;0,01144158
2175,345;0,01403219
2177,274;0,0138596
2179,202;0,01177414
2181,131;0,01516799
2183,059;0,01418272
2184,988;0,01236433
2186,916;0,01330879
2188,845;0,01370682
2190,773;0,01202335
2192,702;0,01358185
2194,63;0,01381862
2196,559;0,01393312
2198,487;0,01373137
2200,416;0,01321085
2202,344;0,01296744
2204,273;0,01224666
2206,201;0,01242317
2208,13;0,0120475
2210,058;0,01164608
2211,987;0,01267726
2213,915;0,01400033
2215,844;0,01159173
2217,772;0,01296809
2219,701;0,01430317
2221,629;0,013042
2223,558;0,01293672
2225,486;0,01520567
2227,415;0,01249515
2229,343;0,01343925
2231,272;0,01536574
2233,2;0,01194218
2235,129;0,0109387
2237,057;0,01310446
2238,986;0,01103674
2240,914;0,01168342
2242,843;0,01423924
2244,771;0,01289866
2246,7;0,01195574
2248,628;0,01384722
2250,557;0,01399485
2252,485;0,01259993
2254,414;0,01305286
2256,342;0,0126034
2258,271;0,0125177
2260,199;0,01171484
2262,128;0,01266146
2264,056;0,01240773
2265,985;0,01265464
2267,913;0,0129924
2269,842;0,01278661
2271,77;0,01035761
2273,699;0,01314899
2275,627;0,01421945
2277,556;0,01194371
2279,484;0,01192485
2281,413;0,01130475
2283,341;0,01026298
2285,27;0,01312969
2287,198;0,01435659
2289,127;0,01078114
2291,055;0,0126074
2292,984;0,01307407
2294,912;0,009512833
2296,841;0,01052992
2298,769;0,01403568
2300,698;0,01067402
2302,626;0,01067412
2304,555;0,0113911
2306,483;0,01105846
2308,412;0,01137702
2310,34;0,0121571
2312,269;0,0119977
2314,197;0,01306225
2316,125;0,01301008
2318,054;0,01264833
2319,983;0,01266672
2321,911;0,01286691
2323,84;0,01361088
2325,768;0,0130377
2327,697;0,0125608
2329,625;0,0141387
2331,553;0,01332112
2333,482;0,01166779
2335,411;0,01447761
2337,339;0,01278521
2339,268;0,01235608
2341,196;0,01421377
2343,125;0,0128633
2345,053;0,01045175
2346,981;0,01421244
2348,91;0,01307523
2350,839;0,01075644
2352,767;0,01267395
2354,696;0,01336335
2356,624;0,01060383
2358,552;0,01230975
2360,481;0,01226241
2362,409;0,01013234
2364,338;0,01141338
2366,267;0,01152745
2368,195;0,0107969
2370,124;0,01136256
2372,052;0,01163111
2373,98;0,01018644
2375,909;0,009628642
2377,838;0,007957634
2379,766;0,008606528
2381,695;0,006729471
2383,623;0,007670476
2385,552;0,008636642
2387,48;0,00719475
2389,408;0,007082753
2391,337;0,009425362
2393,266;0,00767739
2395,194;0,007938837
2397,123;0,009632708
2399,051;0,007121217
2400,979;0,006381856
2402,908;0,008726627
2404,836;0,006767028
2406,765;0,005602635
2408,694;0,008497073
2410,622;0,00633771
2412,551;0,006002771
2414,479;0,008245285
2416,407;0,008403995
2418,336;0,007534318
2420,264;0,009185014
2422,193;0,006658035
2424,122;0,005712471
2426,05;0,006137072
2427,979;0,007957364
2429,907;0,006530872
2431,835;0,005795941
2433,764;0,00572543
2435,692;0,00511009
2437,621;0,003259202
2439,55;0,005017601
2441,478;0,007246868
2443,406;0,005879192
2445,335;0,005882685
2447,263;0,005218125
2449,192;0,002866588
2451,121;0,00313233
2453,049;0,005075425
2454,978;0,002445938
2456,906;0,004962969
2458,834;0,005810649
2460,763;0,002607842
2462,691;0,002258813
2464,62;0,004248551
2466,549;0,001618894
2468,477;0,003790594
2470,406;0,005990072
2472,334;0,0040261
2474,262;0,004000785
2476,191;0,004117007
2478,119;0,002671647
2480,048;0,003027148
2481,977;0,003345007
2483,905;0,002949746
2485,833;0,003413696
2487,762;0,00294164
2489,69;0,00250682
2491,619;0,000853775
2493,547;0,002119746
2495,476;0,003777191
2497,405;0,002827166
2499,333;-0,000176668
2501,261;0,001765952
2503,19;0,00064185
2505,118;-0,001379496
2507,047;0,001178153
2508,975;0,002051827
2510,904;-0,001262162
2512,833;0,000504361
2514,761;1,73295E-05
2516,689;-0,001232195
2518,618;0,00140603
2520,546;0,001115597
2522,475;-0,001267547
2524,403;0,001060224
2526,332;0,002067641
2528,26;-0,00155983
2530,189;0,00062778
2532,117;0,001922178
2534,046;0,000385188
2535,974;-0,00037134
2537,903;0,00090351
2539,831;0,000120525
2541,76;0,001101911
2543,688;-0,001188514
2545,617;-0,002121749
2547,545;-0,001496469
2549,474;-0,001008753
2551,402;-0,002411184
2553,331;-0,003247554
2555,259;-0,002499285
2557,188;-0,001910739
2559,116;-0,004103159
2561,045;-0,00402057
2562,973;-0,000708589
2564,902;-0,003430434
2566,83;-0,003637947
2568,759;-0,002603606
2570,687;-0,004671076
2572,616;-0,006093672
2574,544;-0,000951263
2576,473;-0,002699999
2578,401;-0,004747118
2580,33;-0,00291915
2582,258;-0,003248146
2584,187;-0,004728699
2586,115;-0,001163103
2588,044;-0,00281214
2589,972;-0,004490554
2591,901;-0,003042323
2593,829;-0,003519972
2595,758;-0,00442224
2597,686;-0,004067972
2599,615;-0,004641147
2601,543;-0,005222177
2603,472;-0,004745643
2605,4;-0,005304276
2607,329;-0,004684286
2609,257;-0,005359655
2611,186;-0,003494335
2613,114;-0,003608637
2615,043;-0,005819038
2616,971;-0,00674976
2618,9;-0,004498031
2620,828;-0,007414044
2622,757;-0,006600582
2624,685;-0,004163614
2626,614;-0,00648318
2628,542;-0,006101644
2630,471;-0,003721693
2632,399;-0,007877541
2634,328;-0,006892756
2636,256;-0,003276724
2638,185;-0,007134118
2640,113;-0,008117316
2642,042;-0,005591959
2643,97;-0,005818777
2645,899;-0,006767245
2647,827;-0,005815377
2649,756;-0,008122845
2651,684;-0,006691263
2653,613;-0,006448806
2655,541;-0,006746693
2657,47;-0,006654099
2659,398;-0,005278712
2661,327;-0,006639121
2663,255;-0,006093083
2665,184;-0,00667087
2667,112;-0,007151164
2669,041;-0,00804622
2670,969;-0,009055818
2672,898;-0,007128316
2674,826;-0,007613867
2676,755;-0,008296239
2678,683;-0,006070245
2680,612;-0,006557698
2682,54;-0,009552348
2684,469;-0,006313795
2686,397;-0,006039759
2688,326;-0,008818347
2690,254;-0,007939262
2692,183;-0,005919002
2694,111;-0,008636553
2696,04;-0,006758666
2697,968;-0,006596633
2699,897;-0,008676991
2701,825;-0,007897259
2703,754;-0,006451613
2705,682;-0,009116041
2707,611;-0,008944045
2709,539;-0,008310542
2711,468;-0,009403546
2713,396;-0,008895516
2715,325;-0,007726634
2717,253;-0,006973007
2719,182;-0,007247205
2721,11;-0,007711075
2723,039;-0,007375215
2724,967;-0,007344853
2726,896;-0,009140959
2728,824;-0,006140946
2730,753;-0,007249909
2732,681;-0,008754088
2734,61;-0,007311003
2736,538;-0,008119397
2738,467;-0,01201472
2740,395;-0,008174613
2742,324;-0,008130649
2744,252;-0,009360192
2746,181;-0,007165179
2748,109;-0,007788312
2750,038;-0,01134866
2751,966;-0,008915058
2753,895;-0,007640662
2755,823;-0,009825279
2757,752;-0,007216931
2759,68;-0,008161802
2761,609;-0,01038638
2763,537;-0,008509141
2765,466;-0,007161268
2767,394;-0,009757087
2769,323;-0,008518044
2771,251;-0,00905254
2773,18;-0,008860456
2775,108;-0,008181182
2777,037;-0,008229139
2778,965;-0,009017493
2780,894;-0,007915219
2782,822;-0,007314684
2784,75;-0,007086202
2786,679;-0,01049135
2788,608;-0,01167779
2790,536;-0,009971734
2792,465;-0,01243586
2794,393;-0,01194246
2796,322;-0,008583214
2798,25;-0,01098653
2800,178;-0,01093119
2802,107;-0,006054463
2804,036;-0,008698069
2805,964;-0,009725465
2807,893;-0,00732384
2809,821;-0,008515445
2811,75;-0,01062804
2813,678;-0,007012622
2815,606;-0,009651845
2817,535;-0,008634311
2819,464;-0,005196935
2821,392;-0,006164434
2823,321;-0,008115007
2825,249;-0,006260334
2827,177;-0,007909168
2829,106;-0,009119643
2831,034;-0,008608845
2832,963;-0,01013921
2834,892;-0,008371942
2836,82;-0,007027717
2838,749;-0,005473597
2840,677;-0,005735925
2842,605;-0,006963616
2844,534;-0,00330849
2846,462;0,000810485
2848,391;-0,001727614
2850,32;-0,001410245
2852,248;-0,001380685
2854,177;-0,002599687
2856,105;-0,002373553
2858,033;-0,001334145
2859,962;-0,006135588
2861,89;-0,004316912
2863,819;-0,003895967
2865,748;-0,006732763
2867,676;-0,005241132
2869,604;-0,003786964
2871,533;-0,006808575
2873,461;-0,006955563
2875,39;-0,004989577
2877,319;-0,008172077
2879,247;-0,007342508
2881,176;-0,006030021
2883,104;-0,006403818
2885,032;-0,007617221
2886,961;-0,005122413
2888,889;-0,006417367
2890,818;-0,00684602
2892,747;-0,006982496
2894,675;-0,004471927
2896,604;-0,004650392
2898,532;-0,004815282
2900,46;-0,004693497
2902,389;-0,004536823
2904,317;-0,004787788
2906,246;-0,00168022
2908,175;-0,002293535
2910,103;-0,003843686
2912,031;0,001021032
2913,96;-0,000163883
2915,888;-0,001446837
2917,817;0,004032655
2919,745;0,004800452
2921,674;-0,000360084
2923,603;0,007178445
2925,531;0,008185585
2927,459;0,004094562
2929,388;0,005812966
2931,316;0,007184879
2933,245;-0,000407424
2935,173;0,001021165
2937,102;0,002263809
2939,031;-0,000725129
2940,959;-0,002203315
2942,887;-0,001357102
2944,816;-0,003594507
2946,744;-0,004772681
2948,673;-0,004092656
2950,601;-0,00321039
2952,53;-0,002326955
2954,458;-0,003060715
2956,387;-0,002106153
2958,315;-0,002899995
2960,244;-0,002835644
2962,172;-0,002739874
2964,101;-0,004083498
2966,029;-0,005942045
2967,958;0,000581394
2969,886;-0,001664443
2971,815;-0,005444509
2973,743;-0,003516981
2975,672;-0,005038576
2977,6;-0,009306976
2979,529;-0,006474464
2981,457;-0,008208103
2983,386;-0,009281354
2985,314;-0,004849753
2987,243;-0,008657861
2989,171;-0,01273842
2991,1;-0,009395245
2993,028;-0,009054455
2994,957;-0,01145278
2996,885;-0,007171436
2998,814;-0,008763148
3000,742;-0,01029608
3002,671;-0,009350464
3004,599;-0,006982137
3006,528;-0,008427418
3008,456;-0,00877302
3010,385;-0,007497684
3012,313;-0,006943856
3014,242;-0,009793954
3016,17;-0,009607836
3018,099;-0,008522235
3020,027;-0,01062701
3021,956;-0,008750289
3023,884;-0,005444542
3025,813;-0,009903047
3027,741;-0,01147963
3029,67;-0,008048399
3031,598;-0,009741308
3033,527;-0,008716321
3035,455;-0,007628616
3037,384;-0,0112544
3039,312;-0,01281911
3041,241;-0,008831951
3043,169;-0,0104537
3045,098;-0,009612082
3047,026;-0,006874753
3048,955;-0,007647726
3050,883;-0,00853809
3052,812;-0,007522532
3054,74;-0,01343724
3056,669;-0,01413424
3058,597;-0,01133372
3060,526;-0,01030048
3062,454;-0,01005051
3064,383;-0,01093726
3066,311;-0,01107136
3068,24;-0,009568944
3070,168;-0,009235685
3072,097;-0,00790689
3074,025;-0,00723606
3075,954;-0,01058879
3077,882;-0,008574183
3079,811;-0,009813682
3081,739;-0,01231069
3083,668;-0,01005747
3085,596;-0,005078433
3087,525;-0,008454
3089,453;-0,00882049
3091,382;-0,008532209
3093,31;-0,012788
3095,239;-0,01069732
3097,167;-0,005877032
3099,096;-0,008773376
3101,024;-0,009346118
3102,953;-0,008071785
3104,881;-0,01452846
3106,81;-0,01272681
3108,738;-0,007035346
3110,667;-0,009139272
3112,595;-0,01251732
3114,524;-0,01136964
3116,452;-0,01245895
3118,381;-0,01081162
3120,309;-0,01271149
3122,238;-0,01188353
3124,166;-0,01161982
3126,095;-0,01118769
3128,023;-0,0106874
3129,952;-0,01137852
3131,88;-0,01229175
3133,809;-0,009259948
3135,737;-0,009176841
3137,666;-0,01183823
3139,594;-0,007611523
3141,523;-0,006322938
3143,451;-0,009284792
3145,38;-0,005422913
3147,308;-0,007102076
3149,237;-0,01524971
3151,165;-0,01018731
3153,094;-0,006562365
3155,022;-0,009895792
3156,951;-0,00938435
3158,879;-0,008056108
3160,808;-0,01328132
3162,736;-0,008535003
3164,665;-0,009050496
3166,593;-0,01483783
3168,522;-0,01290066
3170,45;-0,00899234
3172,379;-0,01102675
3174,307;-0,009964124
3176,236;-0,007567111
3178,164;-0,008894153
3180,093;-0,008495787
3182,021;-0,01085212
3183,95;-0,01039942
3185,878;-0,009545638
3187,807;-0,008064695
3189,735;-0,006707935
3191,664;-0,00831051
3193,592;-0,01287676
3195,521;-0,009858383
3197,449;-0,01392828
3199,378;-0,01267217
3201,306;-0,005736317
3203,235;-0,007397073
3205,163;-0,01457374
3207,092;-0,007696264
3209,02;-0,009592798
3210,948;-0,01378976
3212,877;-0,007391145
3214,806;-0,008776624
3216,734;-0,01009781
3218,663;-0,003450125
3220,591;-0,003589216
3222,52;-0,009428382
3224,448;-0,007591922
3226,376;-0,008571845
3228,305;-0,01099361
3230,234;-0,007977651
3232,162;-0,005894063
3234,091;-0,007983636
3236,019;-0,006172078
3237,948;-0,007393783
3239,876;-0,005369473
3241,804;-0,008289055
3243,733;-0,009271462
3245,662;-0,009145469
3247,59;-0,007904807
3249,519;-0,004973821
3251,447;-0,001601394
3253,375;-0,007679727
3255,304;-0,01033892
3257,232;-0,005095724
3259,161;-0,008505177
3261,09;-0,008030087
3263,018;-0,003279059
3264,947;-0,006179885
3266,875;-0,007774089
3268,803;-0,001951247
3270,732;-0,006653446
3272,66;-0,007749874
3274,589;-0,003815408
3276,518;-0,003809824
3278,446;-0,002157523
3280,375;0,0008313
3282,303;-0,005495322
3284,231;-0,006341355
3286,16;-0,005483609
3288,088;-0,006433788
3290,017;-0,006879645
3291,946;-0,005606449
3293,874;-0,005842283
3295,802;-0,007277345
3297,731;-0,006772367
3299,659;-0,004704313
3301,588;-0,003102465
3303,516;-0,006819209
3305,445;-0,006378253
3307,374;-0,005139407
3309,302;-0,003536799
3311,23;-0,001588552
3313,159;-0,000830042
3315,087;-0,0105048
3317,016;-0,003346139
3318,944;0,00033286
3320,873;-0,006600484
3322,802;-0,005636835
3324,73;-0,002512957
3326,658;-0,007518657
3328,587;-0,004816265
3330,515;-0,002214062
3332,444;-0,005401609
3334,372;-0,001122455
3336,301;-0,000853555
3338,229;-0,005762476
3340,158;-0,005076927
3342,086;-0,002656564
3344,015;-0,006065703
3345,943;-0,002051281
3347,872;-0,002852268
3349,8;-0,006583089
3351,729;-0,006832712
3353,657;-0,001913246
3355,586;-0,002876494
3357,514;-0,002211128
3359,443;-0,002916122
3361,371;0,000246919
3363,3;0,00119141
3365,229;-6,0101E-05
3367,157;0,00305571
3369,085;0,005452226
3371,014;-0,000430066
3372,942;0,000238664
3374,871;0,002854814
3376,799;-0,00156366
3378,728;0,002473528
3380,656;0,005537626
3382,585;0,00084511
3384,513;0,001572037
3386,442;0,002646378
3388,37;-0,006625546
3390,299;-0,00167923
3392,227;0,000552563
3394,156;-0,001082035
3396,084;0,000716452
3398,013;0,001571172
3399,941;-0,005612566
3401,87;-0,003291358
3403,798;0,001814195
3405,727;-0,001459683
3407,655;-0,004406595
3409,584;-0,00281428
3411,512;-0,003078876
3413,441;-0,002539574
3415,369;-0,000904247
3417,298;0,00116513
3419,226;0,002855348
3421,155;-0,001405819
3423,083;0,002487958
3425,012;-0,000432747
3426,94;-0,001343229
3428,869;-0,002301379
3430,797;-0,005885793
3432,726;-0,005893834
3434,654;0,00403105
3436,583;-0,000884969
3438,511;-0,004362018
3440,44;-0,00043043
3442,368;-0,001985155
3444,297;-0,004311204
3446,225;0,001469559
3448,154;-0,001618725
3450,082;-0,003346303
3452,011;0,006018359
3453,939;0,00684269
3455,868;0,000500049
3457,796;-0,001064682
3459,725;-0,00384917
3461,653;-0,005922271
3463,582;3,53223E-05
3465,51;-0,001803183
3467,439;-0,00417894
3469,367;-0,006620619
3471,296;-0,004544397
3473,224;-0,004245487
3475,153;-0,005359426
3477,081;-0,007211066
3479,01;-0,006715243
3480,938;-0,01005233
3482,867;-0,003835738
3484,795;0,003389017
3486,724;-0,001060815
3488,652;-0,001821859
3490,581;0,000627482
3492,509;-0,000987927
3494,438;-0,000407457
3496,366;0,003051906
3498,295;-0,005688345
3500,223;-0,004655407
3502,152;0,003369516
3504,08;-0,001939372
3506,009;-0,008658185
3507,937;0,000279775
3509,866;-0,004428735
3511,794;-0,004771042
3513,723;0,002746432
3515,651;0,000648719
3517,58;-0,002571657
3519,508;0,001705307
3521,437;0,002758303
3523,365;0,001461614
3525,294;0,003218042
3527,222;0,003171279
3529,151;0,003065454
3531,079;0,00478216
3533,008;0,007066857
3534,936;0,003066888
3536,865;0,001461846
3538,793;0,007626266
3540,722;0,01582168
3542,65;0,01400864
3544,579;0,01741707
3546,507;0,0143431
3548,436;0,01137957
3550,364;0,01454561
3552,293;0,01962094
3554,221;0,01341676
3556,15;0,0169391
3558,078;0,02200182
3560,007;0,02270082
3561,935;0,02478648
3563,864;0,02661512
3565,792;0,0218935
3567,721;0,02531661
3569,649;0,03114141
3571,578;0,02519963
3573,506;0,02959295
3575,435;0,0355323
3577,363;0,03087131
3579,292;0,02542252
3581,22;0,03215605
3583,149;0,03597238
3585,077;0,03837895
3587,006;0,03767187
3588,934;0,03917689
3590,863;0,0371672
3592,791;0,03915317
3594,72;0,04672896
3596,648;0,05137118
3598,577;0,05068799
3600,505;0,06164669
3602,434;0,05914396
3604,362;0,04470918
3606,291;0,05234996
3608,219;0,05736028
3610,148;0,05661749
3612,076;0,06864557
3614,005;0,07446745
3615,933;0,06876562
3617,862;0,08242468
3619,79;0,09002789
3621,719;0,08526701
3623,647;0,08047507
3625,576;0,07413319
3627,504;0,06416215
3629,433;0,07053687
3631,361;0,06834573
3633,29;0,05589906
3635,218;0,05548581
3637,146;0,05865699
3639,075;0,05542919
3641,004;0,05615186
3642,932;0,0590062
3644,861;0,05767212
3646,789;0,05105381
3648,718;0,04482999
3650,646;0,04325324
3652,574;0,03676211
3654,503;0,03708014
3656,432;0,0389244
3658,36;0,0332647
3660,289;0,02389124
3662,217;0,03100627
3664,146;0,02253251
3666,074;0,01924647
3668,002;0,0194017
3669,931;0,00899581
3671,86;-0,002135861
3673,788;0,002709522
3675,717;-0,002056162
3677,645;-0,003573016
3679,573;0,004680999
3681,502;-0,002480013
3683,43;-0,004600758
3685,359;0,004739248
3687,288;0,009705178
3689,216;0,008631607
3691,145;0,01628122
3693,073;0,01691457
3695,001;0,02297661
3696,93;0,03153316
3698,858;0,03354907
3700,787;0,02230402
3702,716;0,01390397
3704,644;0,004139117
3706,573;-0,004824129
3708,501;-0,01767885
3710,429;-0,01915957
3712,358;-0,02275692
3714,286;-0,02811727
3716,215;-0,0287574
3718,144;-0,03122963
3720,072;-0,04366775
3722;-0,04518672
3723,929;-0,03826177
3725,857;-0,04223053
3727,786;-0,04069444
3729,714;-0,03734593
3731,643;-0,04475527
3733,572;-0,04560387
3735,5;-0,03858877
3737,428;-0,05216759
3739,357;-0,05182328
3741,285;-0,04092352
3743,214;-0,04053584
3745,142;-0,045611
3747,071;-0,04675499
3749;-0,05374153
3750,928;-0,05173662
3752,856;-0,04743136
3754,785;-0,04856147
3756,713;-0,05248168
3758,642;-0,05629383
3760,57;-0,05621919
3762,499;-0,05703548
3764,427;-0,05597142
3766,356;-0,05310551
3768,284;-0,05371535
3770,213;-0,0573902
3772,141;-0,05018771
3774,07;-0,05051606
3775,998;-0,05730318
3777,927;-0,05835031
3779,855;-0,05264898
3781,784;-0,05871125
3783,712;-0,05150907
3785,641;-0,04628948
3787,569;-0,05452908
3789,498;-0,05535505
3791,426;-0,0523008
3793,355;-0,06089884
3795,283;-0,05857849
3797,212;-0,04620714
3799,14;-0,0528646
3801,069;-0,05534481
3802,997;-0,05683872
3804,926;-0,0603226
3806,854;-0,06248937
3808,783;-0,05771153
3810,711;-0,05810784
3812,64;-0,05911319
3814,568;-0,06153532
3816,497;-0,06245319
3818,425;-0,06277948
3820,354;-0,06183343
3822,282;-0,06388865
3824,211;-0,05897491
3826,139;-0,0625463
3828,068;-0,06138007
3829,996;-0,06018462
3831,925;-0,06672381
3833,853;-0,06717498
3835,782;-0,06557485
3837,71;-0,0642612
3839,639;-0,05833314
3841,567;-0,05919543
3843,496;-0,06943277
3845,424;-0,05591147
3847,353;-0,05217056
3849,281;-0,06262455
3851,21;-0,05982444
3853,138;-0,05736424
3855,067;-0,06832927
3856,995;-0,06422196
3858,924;-0,06893455
3860,852;-0,07202336
3862,781;-0,06532446
3864,709;-0,05696007
3866,638;-0,06495386
3868,566;-0,06615209
3870,495;-0,06955472
3872,423;-0,07187072
3874,352;-0,06939606
3876,28;-0,06571016
3878,209;-0,06007941
3880,137;-0,06401028
3882,066;-0,06572264
3883,994;-0,06524915
3885,923;-0,06668667
3887,851;-0,07463524
3889,78;-0,07425699
3891,708;-0,07832731
3893,637;-0,07290548
3895,565;-0,06076531
3897,494;-0,06474282
3899,422;-0,06982768
3901,351;-0,05911929
3903,279;-0,06624275
3905,208;-0,07034392
3907,136;-0,06255444
3909,065;-0,0646906
3910,993;-0,07325764
3912,922;-0,07175473
3914,85;-0,07148829
3916,779;-0,07347443
3918,707;-0,07197845
3920,636;-0,07266537
3922,564;-0,06548786
3924,493;-0,0623881
3926,421;-0,06044494
3928,35;-0,0687531
3930,278;-0,07410717
3932,207;-0,07720379
3934,135;-0,06940863
3936,064;-0,06985298
3937,992;-0,07107469
3939,921;-0,07303142
3941,849;-0,07336164
3943,778;-0,07161464
3945,706;-0,07142269
3947,635;-0,07300596
3949,563;-0,06521969
3951,492;-0,06420515
3953,42;-0,07185738
3955,349;-0,06999353
3957,277;-0,06377718
3959,206;-0,07166822
3961,134;-0,07846026
3963,063;-0,0692837
3964,991;-0,0749556
3966,92;-0,07059462
3968,848;-0,06380238
3970,777;-0,06952287
3972,705;-0,07810576
3974,634;-0,07462307
3976,562;-0,07954209
3978,491;-0,06975784
3980,419;-0,05899597
3982,348;-0,06464382
3984,276;-0,07330687
3986,205;-0,0742227
3988,133;-0,07507242
3990,062;-0,07579846
3991,99;-0,07619568
3993,919;-0,07368676
3995,847;-0,07210243
3997,776;-0,0746832
3999,704;-0,07473506
4001,633;0
